Date,MarketCap,Strategy,Sustainability,Sector & Industry,Thematic,Nestle,Sensex
23-Feb-21,0.000142519,0.012925015,0.003545372,0.002044785,0.010991135,-0.004076287,0.000142519
22-Feb-21,-0.022765438,-0.012141669,-0.018373167,-0.026089013,-0.015127222,-0.006128523,-0.022765438
19-Feb-21,-0.008510198,-0.011143913,-0.011409344,-0.000945937,-0.015661181,-0.001573019,-0.008510198
18-Feb-21,-0.007359937,0.020869165,-0.005835582,0.005024323,0.020936559,-0.012297536,-0.007359937
17-Feb-21,-0.007713124,0.006987899,-0.004056801,-0.008915708,0.013542567,0.005803043,-0.007713124
16-Feb-21,-0.000958389,0.012166063,-0.000238124,-0.009568978,0.015182148,-0.01913295,-0.000958389
15-Feb-21,0.011761741,0.001877139,0.011173301,-0.006193056,0.007536541,-0.025164764,0.011761741
12-Feb-21,0.000247973,-0.011310224,0.001365298,0.004254859,-0.010909541,-0.012771265,0.000247973
11-Feb-21,0.004319883,0.002159742,0.006369192,-4.87161E-05,0.008689784,-0.017123508,0.004319883
10-Feb-21,-0.000383677,0.000580726,-4.04392E-05,0.001024311,-0.002450173,0.004461964,-0.000383677
09-Feb-21,-0.00038353,-0.003080002,-0.001010448,-0.005283199,-0.012254597,0.002949277,-0.00038353
08-Feb-21,0.012091401,0.013449466,0.016085701,0.019602902,0.038527355,0.007161916,0.012091401
05-Feb-21,0.002315634,-0.005087426,0.000205284,-0.007253305,0.000918385,0.008618106,0.002315634
04-Feb-21,0.007108979,0.017489959,0.005558658,-0.00269589,0.012652853,-0.00732103,0.007108979
03-Feb-21,0.009155768,0.012579042,0.009625432,0.009607296,0.02408919,0.00586428,0.009155768
02-Feb-21,0.024333118,0.020842824,0.027857661,0.014362272,0.028496306,-0.003850481,0.024333118
01-Feb-21,0.048801512,0.026886457,0.043857647,0.011839458,0.054141784,-0.004172499,0.048801512
29-Jan-21,-0.01263626,-0.022916302,-0.012860912,-0.025080992,-0.012670049,-0.003671389,-0.01263626
28-Jan-21,-0.01136087,-0.002146266,-0.008146774,-0.019495887,-0.002310897,0.0163792,-0.01136087
27-Jan-21,-0.019584675,-0.013431228,-0.020704314,-0.004396124,-0.009084171,-0.000118044,-0.019584675
25-Jan-21,-0.01092207,-0.007095781,-0.009023518,-0.013186802,-0.008422329,0.015144196,-0.01092207
22-Jan-21,-0.015151457,-0.007850813,-0.014706769,0.000293086,-0.01450553,0.000905857,-0.015151457
21-Jan-21,-0.003366836,-0.015803485,-0.003726738,-0.006096563,-0.016448333,0.000913349,-0.003366836
20-Jan-21,0.00794093,0.001809219,0.009195371,0.017363842,0.006670454,-0.000693421,0.00794093
19-Jan-21,0.017027733,0.015377663,0.015601736,0.007103209,0.023650631,-0.019582651,0.017027733
18-Jan-21,-0.009639524,-0.019965479,-0.010527086,-0.016407552,-0.029758382,-0.006988595,-0.009639524
15-Jan-21,-0.011143829,-0.017029208,-0.010375462,-0.019506468,-0.013872526,0.001467914,-0.011143829
14-Jan-21,0.001853922,0.003810364,0.001259552,-0.000394012,0.001565617,-0.000344439,0.001853922
13-Jan-21,-0.00050076,0.000579809,0.002355416,0.004535116,0.012869929,0.002491731,-0.00050076
12-Jan-21,0.005016691,0.007810108,0.008118095,-0.000447939,0.008845064,-0.019142458,0.005016691
11-Jan-21,0.009929728,0.009803404,0.007457156,0.03562657,-0.007666816,-0.012371711,0.009929728
08-Jan-21,0.014228557,0.016272867,0.016038975,0.034921928,0.011807608,0.007876576,0.014228557
07-Jan-21,-0.001677412,0.005414333,0.00104366,-0.009525494,0.010794567,-0.006524926,-0.001677412
06-Jan-21,-0.005459386,0.006573822,-0.00195597,-0.010053667,0.006311492,-0.000157997,-0.005459386
05-Jan-21,0.00540251,0.000293175,0.005180795,0.012214559,0.000738942,0.00415414,0.00540251
04-Jan-21,0.006409882,0.017089017,0.009384799,0.026731016,0.016664834,0.001428803,0.006409882
01-Jan-21,0.002460776,0.00641206,0.002558787,0.00913489,0.013186529,-0.006208367,0.002460776
31-Dec-20,0.000107018,-0.000493049,-0.000485791,-0.000809627,-0.003041827,0.001731931,0.000107018
30-Dec-20,0.002792388,0.00345646,0.002785456,-0.001482753,-0.000921584,-0.005985795,0.002792388
29-Dec-20,0.005461499,-0.003649326,0.003415016,0.006513538,-0.002056946,0.004373865,0.005461499
28-Dec-20,0.00806155,0.009948831,0.009194031,0.005513779,0.015311565,0.006164627,0.00806155
24-Dec-20,0.011333303,0.00889088,0.010320753,-0.005907968,0.005947809,0.005090788,0.011333303
23-Dec-20,0.009464341,0.005868973,0.011390164,0.023158052,0.020423677,0.011086389,0.009464341
22-Dec-20,0.009889263,0.016498187,0.011614104,0.033114005,0.024309328,0.002632236,0.009889263
21-Dec-20,-0.030413311,-0.05067571,-0.033011113,-0.017057935,-0.064693748,-0.015945449,-0.030413311
18-Dec-20,0.001499185,-0.001887293,0.002379938,0.016877517,-0.007014165,-0.00079,0.001499185
17-Dec-20,0.004785979,-0.006209232,0.0017549,-0.000706029,-0.010163776,-0.001062967,0.004785979
16-Dec-20,0.008679525,0.007672104,0.006823806,0.010111711,0.008820521,0.00052816,0.008679525
15-Dec-20,0.000209908,-0.002712038,-0.000906495,-0.003768492,0.003711777,-0.001882282,0.000209908
14-Dec-20,0.003344797,0.015588165,0.00217697,0.001893941,0.018274289,0.003799999,0.003344797
11-Dec-20,0.003022633,0.016249951,0.001135718,-0.002524312,0.016826655,-0.014184006,0.003022633
10-Dec-20,-0.003120027,-0.001113404,-0.005665738,-0.00656441,-0.006842293,0.01983746,-0.003120027
09-Dec-20,0.010794547,0.004855653,0.010038922,0.010229814,0.002275566,-0.003732052,0.010794547
08-Dec-20,0.00398834,-0.007970954,0.004071462,0.010819418,-0.004545966,-0.003909132,0.00398834
07-Dec-20,0.007677275,0.014173138,0.005239464,0.005914181,0.02135591,0.008667859,0.007677275
04-Dec-20,0.009963053,0.0067072,0.009910241,0.004770829,0.022804246,0.00527186,0.009963053
03-Dec-20,0.000327392,0.01706916,0.001397169,-0.006535264,0.020972232,-0.001360856,0.000327392
02-Dec-20,-0.000837875,0.018078481,0.000512785,0.006864302,0.017628948,-0.000116006,-0.000837875
01-Dec-20,0.011389551,0.019372528,0.012811363,0.023589239,0.017333767,-0.0015519,0.011389551
27-Nov-20,-0.002488875,-0.003254929,-0.00259428,-0.009378401,0.004902872,0.010153422,-0.002488875
26-Nov-20,0.009800296,0.009607892,0.01032255,0.003597242,0.007214015,0.0043711,0.009800296
25-Nov-20,-0.015731195,-0.002145696,-0.015584731,-0.016079868,-0.001298661,0.008793355,-0.015731195
24-Nov-20,0.010064851,0.004083132,0.011736837,0.001244353,0.005204795,0.002129617,0.010064851
23-Nov-20,0.004431597,0.014867682,0.00881021,0.028483301,0.014076369,0.008264592,0.004431597
20-Nov-20,0.006453677,0.01346065,0.004794792,0.009493403,0.004230205,-0.002877489,0.006453677
19-Nov-20,-0.013217097,-0.007344864,-0.013794639,-0.006927442,-6.32691E-05,0.013091728,-0.013217097
18-Nov-20,0.005159047,0.00048315,0.004370761,-0.010425654,0.02342807,-0.003764713,0.005159047
17-Nov-20,0.007186411,0.001596054,0.007119508,-0.004969315,0.009958751,0.021516398,0.007186411
14-Nov-20,0.004478138,0.005655012,0.00437322,0.006573077,0.00268562,0.022857426,0.004478138
13-Nov-20,0.001977185,0.005858534,0.003812102,0.000970815,-0.002489356,0.001120951,0.001977185
12-Nov-20,-0.005439408,-0.001003267,-0.007321805,-0.002666552,0.002686148,0.017052375,-0.005439408
11-Nov-20,0.007275621,0.014212587,0.006065584,0.020256235,0.015403736,-0.000235277,0.007275621
10-Nov-20,0.015842413,0.008970905,0.006345537,-0.03781416,0.024617665,0.00323455,0.015842413
09-Nov-20,0.016673742,0.011429271,0.018093607,0.014317851,0.012159666,0.004609245,0.016673742
06-Nov-20,0.013285756,0.00250973,0.012447261,0.006972087,0.001383317,-0.025179489,0.013285756
05-Nov-20,0.0176689,0.02552805,0.016263806,0.013351934,0.022468137,-0.017171143,0.0176689
04-Nov-20,0.008779037,0.00044276,0.012399606,0.018095832,0.001629415,-0.043825153,0.008779037
03-Nov-20,0.012585973,0.008607549,0.00968794,-0.001230017,0.004975488,-0.000626011,0.012585973
02-Nov-20,0.003616157,0.002235931,-0.001300627,-0.006851445,0.002568495,0.010289778,0.003616157
30-Oct-20,-0.003421709,0.006658412,-0.001454697,-9.9241E-05,0.008321425,-0.005634753,-0.003421709
29-Oct-20,-0.004333005,-0.005367189,-0.00186722,0.002027135,-0.014020258,-0.005096292,-0.004333005
28-Oct-20,-0.014908432,-0.01004849,-0.013178405,-0.011563267,-0.013125585,0.007004172,-0.014908432
27-Oct-20,0.00933715,0.004080677,0.01203904,-0.014693047,0.008306982,-0.005561099,0.00933715
26-Oct-20,-0.013361409,-0.018670775,-0.01754701,-0.00741219,-0.00711446,-0.004342683,-0.013361409
23-Oct-20,0.003126634,0.004538196,0.003668607,-0.002414975,0.011648972,-0.018951317,0.003126634
22-Oct-20,-0.003662553,0.005779839,-0.004431209,-0.007010548,0.008199982,-0.000405783,-0.003662553
21-Oct-20,0.004010753,0.007645277,0.002697134,-0.00440157,0.013769457,-0.011040849,0.004010753
20-Oct-20,0.002785273,-0.003790805,0.002602241,0.013341424,-0.000362884,0.017501362,0.002785273
19-Oct-20,0.011157794,0.010782553,0.007281337,-0.004170432,0.00955131,0.003480094,0.011157794
16-Oct-20,0.006387315,0.012661589,0.00946257,0.005639659,0.016769868,-0.0023452,0.006387315
15-Oct-20,-0.026486603,-0.012028344,-0.026809058,-0.027078231,-0.013320703,-0.000804286,-0.026486603
14-Oct-20,0.004156957,-0.007677379,0.001518526,-0.015450569,-0.009220027,0.007974083,0.004156957
13-Oct-20,0.000780849,-0.003712326,0.001115053,0.014489245,-0.008774849,0.003948679,0.000780849
12-Oct-20,0.002079078,-0.004712017,-0.001368301,0.014720903,-0.006979199,-0.010839419,0.002079078
09-Oct-20,0.00810046,0.003434194,0.007370354,0.006505198,0.004455311,0.006348442,0.00810046
08-Oct-20,0.007587192,0.00023458,0.010204432,0.029487412,-0.005530233,-0.008144724,0.007587192
07-Oct-20,0.007661875,-0.000859856,0.006722888,0.006368891,-0.004502098,0.003121241,0.007661875
06-Oct-20,0.015299681,0.001694363,0.00854617,0.005546066,0.00543363,0.00375709,0.015299681
05-Oct-20,0.00712369,0.003763923,0.009781829,0.039816498,-0.0065738,-0.022786523,0.00712369
01-Oct-20,0.016391174,0.007280405,0.013460872,0.008943421,0.010380592,-0.001459198,0.016391174
30-Sep-20,0.002491021,-0.000659257,0.001179119,0.002406309,0.000791908,0.000808987,0.002491021
29-Sep-20,-0.000221447,-0.010541595,0.001341598,0.004002607,-0.01479814,0.006213384,-0.000221447
28-Sep-20,0.015735172,0.02381002,0.017060177,0.00325227,0.026388273,-0.002011429,0.015735172
25-Sep-20,0.022587773,0.02814798,0.024328064,0.035633847,0.038774911,-0.034047234,0.022587773
24-Sep-20,-0.030042401,-0.028895683,-0.031566782,-0.045516232,-0.030581142,-0.014528071,-0.030042401
23-Sep-20,-0.001741587,-0.009352319,-0.002112734,-0.002346088,-0.006443604,-0.012954985,-0.001741587
22-Sep-20,-0.007920513,-0.016939336,-0.007225309,0.009060832,-0.025367073,-0.006190856,-0.007920513
21-Sep-20,-0.0211163,-0.028199767,-0.025304376,-8.66436E-05,-0.032415593,0.00022728,-0.0211163
18-Sep-20,-0.003444368,0.004585827,0.000943347,-0.001930406,0.00483393,-0.004404794,-0.003444368
17-Sep-20,-0.008252189,-0.005823686,-0.006845226,0.002274506,-0.008547061,0.004799665,-0.008252189
16-Sep-20,0.006598856,0.006001461,0.008366937,0.010111691,-0.002878489,-0.003947676,0.006598856
15-Sep-20,0.007396342,0.005756658,0.009020238,0.003033743,0.006384972,-0.013604283,0.007396342
14-Sep-20,-0.002523349,0.004198245,0.000264978,0.04653842,0.015058749,0.003516516,-0.002523349
11-Sep-20,0.000366305,0.002080044,0.002547366,0.011423249,0.00041961,-0.017981942,0.000366305
10-Sep-20,0.016782542,0.007923133,0.016015769,0.006815245,0.007724215,-0.007500187,0.016782542
09-Sep-20,-0.004478368,-0.003362739,-0.00124113,-0.00894031,-0.010309008,-0.006010226,-0.004478368
08-Sep-20,-0.001351348,-0.008255264,-0.002531442,0.013412164,-0.013582081,-0.030547428,-0.001351348
07-Sep-20,0.001564324,-0.002123496,-0.000699056,0.008043927,-0.007815753,0.003205015,0.001564324
04-Sep-20,-0.016387578,-0.018133506,-0.017530754,-0.01294548,-0.019611124,-0.018346104,-0.016387578
03-Sep-20,-0.002435803,0.000652758,-0.000422476,0.015020503,0.001139067,-0.001299205,-0.002435803
02-Sep-20,0.004750298,0.006525843,0.008164176,0.011323072,0.010784683,0.026640824,0.004750298
01-Sep-20,0.007029906,0.00656871,0.007426636,-0.00930466,0.001627781,0.011398751,0.007029906
31-Aug-20,-0.021487825,-0.037751637,-0.023165012,-0.006851984,-0.0354096,0.010098076,-0.021487825
28-Aug-20,0.009005825,0.005971928,0.009159405,-0.005844429,-0.000196534,-0.036742313,0.009005825
27-Aug-20,0.001011672,0.00083843,0.000528961,-0.002751313,-0.002028597,0.000447043,0.001011672
26-Aug-20,0.005904701,0.006931579,0.008661743,0.01014098,0.004192604,-0.037791849,0.005904701
25-Aug-20,0.001154,-0.000571194,0.000640649,-0.005066627,-0.003669488,0.01957621,0.001154
24-Aug-20,0.009435317,-0.003766669,0.007719976,-0.001044749,-0.005934348,0.011328014,0.009435317
21-Aug-20,0.005592075,0.001064133,0.004206672,-0.002661447,0.009603837,0.001860261,0.005592075
20-Aug-20,-0.010266221,0.00678255,-0.007752394,-0.003039928,0.01868594,0.001621632,-0.010266221
19-Aug-20,0.002241808,0.00397158,0.003007683,-0.004863166,0.018632822,-0.003136443,0.002241808
18-Aug-20,0.012471972,0.009025718,0.013647653,0.005961381,0.008004695,0.002740412,0.012471972
17-Aug-20,0.004568539,0.016654743,0.004043279,0.008332992,0.024898706,0.011677019,0.004568539
14-Aug-20,-0.011370705,-0.008285645,-0.009589786,-0.003667408,-0.007367162,-0.056268407,-0.011370705
13-Aug-20,-0.001542512,0.006515347,0.000542417,0.001005895,0.021266123,-0.007007348,-0.001542512
12-Aug-20,-0.000973734,0.004727777,-0.001138736,0.00525353,0.009542673,0.002719539,-0.000973734
11-Aug-20,0.005873699,0.004413879,0.002930803,-0.00260301,0.003466458,-0.009398012,0.005873699
10-Aug-20,0.003713074,0.014146571,0.00528626,0.001830756,0.0150883,-0.005953645,0.003713074
07-Aug-20,0.000397549,0.002864014,0.000874652,-0.011614053,0.002352942,0.000660342,0.000397549
06-Aug-20,0.00956873,0.00880085,0.009782448,0.021877064,0.004352805,0.021796925,0.00956873
05-Aug-20,-0.000652411,0.003376989,0.000607684,-0.001408648,0.007123277,-0.014265084,-0.000652411
04-Aug-20,0.020055207,0.0037894,0.020884114,-0.007279478,0.006349702,-0.001963535,0.020055207
03-Aug-20,-0.017903132,-0.0064494,-0.015842691,-0.006485818,-0.009101145,-0.002363589,-0.017903132
31-Jul-20,-0.003429123,-0.001990367,-0.000999223,0.004084807,0.002900385,-0.007437778,-0.003429123
30-Jul-20,-0.008839851,-0.017190141,-0.003378849,0.006346894,-0.01383107,0.006227049,-0.008839851
29-Jul-20,-0.011018856,-0.000312671,-0.008699058,-0.010028355,0.000293858,0.015707893,-0.011018856
28-Jul-20,0.014608056,0.013665966,0.015635246,0.025129352,0.007448687,-0.001946889,0.014608056
27-Jul-20,-0.005105473,-0.007367679,-0.008924919,0.023482548,-0.018191655,-0.012550275,-0.005105473
24-Jul-20,-0.000303398,-0.011469211,-0.000662032,0.01322257,-0.010125204,-0.024597272,-0.000303398
23-Jul-20,0.007076545,0.00686573,0.008529545,-0.006100384,0.002665996,0.008914926,0.007076545
22-Jul-20,-0.001551677,-0.006087903,-0.000834005,-0.014170007,-0.000793336,0.0277347,-0.001551677
21-Jul-20,0.013572726,0.013553068,0.012471151,0.003618914,0.009489043,-0.022302251,0.013572726
20-Jul-20,0.010716241,0.004796551,0.012286767,0.022708345,0.00386481,-0.003493851,0.010716241
17-Jul-20,0.01492602,0.027723381,0.015212256,-0.008660505,0.017170018,-0.009959027,0.01492602
16-Jul-20,0.011578999,0.010731504,0.013627839,0.040533087,0.001562094,-0.001207635,0.011578999
15-Jul-20,0.00052022,-0.004683593,-0.000175896,0.047765524,-0.008155443,0.006347523,0.00052022
14-Jul-20,-0.018167955,-0.018920325,-0.017147097,-0.016062072,-0.023065032,0.001179713,-0.018167955
13-Jul-20,0.002711495,0.00537708,0.003984414,0.015103274,-0.007332887,0.007445914,0.002711495
10-Jul-20,-0.003909893,-0.003659558,-0.002484904,0.001683904,-0.013870834,0.001821387,-0.003909893
09-Jul-20,0.011186608,-0.000295409,0.00886988,0.003121856,0.001626074,0.011616596,0.011186608
08-Jul-20,-0.00946564,-0.004073107,-0.009389196,-0.019615796,-0.008525081,0.00114363,-0.00946564
07-Jul-20,0.005118529,-0.010481328,0.00358299,0.020752218,-0.007757123,-0.012056436,0.005118529
06-Jul-20,0.012849945,0.010401105,0.0172262,0.011704505,0.014726774,-0.011455675,0.012849945
03-Jul-20,0.004945942,0.006922857,0.005374293,0.011486292,0.006307381,-0.002947378,0.004945942
02-Jul-20,0.01204789,0.012626841,0.01047691,0.028723358,0.016703496,-0.003064974,0.01204789
01-Jul-20,0.01418048,0.006126766,0.009499831,-0.001090141,-0.001733478,-0.017222729,0.01418048
30-Jun-20,-0.001308579,-0.010181469,-0.001328182,-0.000533212,-0.00840794,0.008098784,-0.001308579
29-Jun-20,-0.005981528,-0.019790912,-0.006674508,-0.015332817,-0.019839109,0.020857949,-0.005981528
26-Jun-20,0.00940313,0.010411324,0.013272396,0.04936805,0.005839946,-0.002347647,0.00940313
25-Jun-20,-0.000771183,-0.002257398,-0.002365716,-0.015585956,-0.00773236,0.003753768,-0.000771183
24-Jun-20,-0.015973447,-0.021510203,-0.017596466,-0.006183578,-0.012248744,4.60519E-05,-0.015973447
23-Jun-20,0.014759923,0.012690861,0.012821457,0.01533452,0.024153227,-0.009720951,0.014759923
22-Jun-20,0.005157454,0.029787655,0.006654995,-0.00346137,0.009970172,-0.009833119,0.005157454
19-Jun-20,0.015192682,0.019458936,0.015723306,-0.003957873,0.018200705,0.001566816,0.015192682
18-Jun-20,0.020679168,0.009802761,0.019803861,0.005308889,0.014388737,0.004442594,0.020679168
17-Jun-20,-0.002899583,-0.000225785,-0.001131506,0.00260394,-0.006926562,-0.010595288,-0.002899583
16-Jun-20,0.011264442,0.000141109,0.010356897,0.009416371,-0.002420332,-0.015537844,0.011264442
15-Jun-20,-0.016478288,-0.015737332,-0.01299211,-0.001764031,-0.007516912,0.01426993,-0.016478288
12-Jun-20,0.007205101,0.006578421,0.008495159,-0.014983385,-0.001380463,-0.012690022,0.007205101
11-Jun-20,-0.020910273,-0.017492996,-0.021506205,-0.016533583,-0.015632635,-0.005868979,-0.020910273
10-Jun-20,0.008514541,0.000109932,0.008322512,0.005739199,0.004298001,-0.03096351,0.008514541
09-Jun-20,-0.012115077,-0.012102154,-0.010978557,-0.004860982,-0.006867962,0.011690175,-0.012115077
08-Jun-20,0.002427693,0.020603448,0.001110974,0.016762307,0.00902391,0.011804151,0.002427693
05-Jun-20,0.008980557,0.021235075,0.011178158,-0.007550007,0.031052723,-0.006202111,0.008980557
04-Jun-20,-0.003784394,0.002608303,-0.001123455,0.018397331,0.002451983,-0.006221489,-0.003784394
03-Jun-20,0.008361268,0.003697282,0.006822547,-0.004257878,0.004100047,0.011350016,0.008361268
02-Jun-20,0.015552746,0.004540724,0.01582612,0.007714314,0.021977247,0.002781061,0.015552746
01-Jun-20,0.026761124,0.021320795,0.028017749,0.02098977,0.016087789,-0.004711583,0.026761124
29-May-20,0.006917198,0.025647747,0.005527421,-0.009730501,0.013515303,0.002158744,0.006917198
28-May-20,0.018662479,0.017644401,0.01898475,0.004108436,0.021304462,0.01649636,0.018662479
27-May-20,0.032018412,0.015291429,0.028720552,0.029535709,0.011474873,-0.039672168,0.032018412
26-May-20,-0.002065538,0.007156445,-0.003109563,-0.021201561,0.00824259,-0.025120274,-0.002065538
22-May-20,-0.008450921,-0.005480831,-0.005984541,0.016643309,-0.011650301,0.004642769,-0.008450921
21-May-20,0.003701614,0.012437272,0.002197049,0.010260729,-0.004686877,0.041955034,0.003701614
20-May-20,0.020403633,0.019912689,0.020625015,0.00442075,0.014290597,-0.020019723,0.020403633
19-May-20,0.00555218,0.006597498,0.004641685,0.007432371,0.014000064,-0.000826509,0.00555218
18-May-20,-0.034971911,-0.046496532,-0.031843417,0.013556333,-0.04349217,-0.022609275,-0.034971911
15-May-20,-0.000808735,-0.002462752,-0.001228334,-0.006413148,-0.001586798,-0.010679585,-0.000808735
14-May-20,-0.028061368,-0.015195728,-0.027378699,-0.036669175,-0.016199143,0.018199889,-0.028061368
13-May-20,0.020117205,0.027944214,0.018416727,0.006035317,0.033309979,-0.013504397,0.020117205
12-May-20,-0.006041427,-0.001244865,-0.007876972,0.006314474,0.000403307,-0.004525551,-0.006041427
11-May-20,-0.002578323,0.007555217,0.002148229,0.014346009,0.007612606,0.001558381,-0.002578323
08-May-20,0.006319006,-0.004689707,0.006404876,0.008510248,-0.005916937,-0.000657666,0.006319006
07-May-20,-0.007678585,-0.015291102,-0.006203243,-0.003407893,-0.010531067,-0.00013332,-0.007678585
06-May-20,0.00735647,0.000522346,0.010065952,-0.004631581,0.00851274,-0.001010816,0.00735647
05-May-20,-0.008290208,-0.006250212,-0.009662564,-0.000417573,0.000968289,-0.058700491,-0.008290208
04-May-20,-0.061219759,-0.053721546,-0.05622028,-0.050545827,-0.044139325,0.015426647,-0.061219759
30-Apr-20,0.030029148,0.045417947,0.033417231,0.054901583,0.034098676,0.003021456,0.030029148
29-Apr-20,0.018683137,0.018835021,0.018843445,0.023447505,0.022796234,-0.000842168,0.018683137
28-Apr-20,0.011633515,-0.00172701,0.010030039,0.000765356,0.003440089,0.001945556,0.011633515
27-Apr-20,0.013187381,0.009784571,0.012458039,0.014948186,0.002546726,0.002989671,0.013187381
24-Apr-20,-0.016960605,-0.019291221,-0.01455313,-0.027544684,-0.016883889,-0.025183594,-0.016960605
23-Apr-20,0.015291566,0.005508981,0.015169843,0.04736693,-0.00024261,0.024050359,0.015291566
22-Apr-20,0.023957444,0.007671135,0.025970075,0.013591342,-0.004195923,0.041955414,0.023957444
21-Apr-20,-0.032475992,-0.034857746,-0.02836627,-0.03588947,-0.035904537,0.041001178,-0.032475992
20-Apr-20,0.001874861,-0.005213077,0.005623,0.020900201,-0.007892334,0.00629271,0.001874861
17-Apr-20,0.031714795,0.016748201,0.028811591,0.018540288,0.025051058,-0.010580836,0.031714795
16-Apr-20,0.007307056,0.012250697,0.00888642,-0.017811281,0.022618347,0.011640746,0.007307056
15-Apr-20,-0.010159277,0.006628434,-0.013546787,0.003890721,0.012362907,0.026153522,-0.010159277
13-Apr-20,-0.015185505,-0.003074182,-0.013504736,-0.007243526,0.011192611,-0.030584112,-0.015185505
09-Apr-20,0.041466573,0.035427921,0.044774053,0.017561996,0.024208578,0.002891913,0.041466573
08-Apr-20,-0.005778756,0.00465384,-0.001815476,-0.014555281,0.014088949,0.017165292,-0.005778756
07-Apr-20,0.085947389,0.058552024,0.082858102,0.076358786,0.030116185,-0.011224945,0.085947389
03-Apr-20,-0.024147437,-0.002976696,-0.02437151,-0.028902893,-0.000354421,0.012484899,-0.024147437
01-Apr-20,-0.041686299,-0.025312742,-0.038702828,-0.057396343,-0.025107385,0.038919755,-0.041686299
31-Mar-20,0.0355137,0.050174247,0.034021494,0.02917553,0.033916447,0.011794655,0.0355137
30-Mar-20,-0.047223554,-0.010368499,-0.043815748,-0.025146469,-0.01305235,-0.007885394,-0.047223554
27-Mar-20,-0.004390061,-0.003728348,-0.004460213,0.001903135,-0.001762736,0.002037635,-0.004390061
26-Mar-20,0.048262734,0.039521202,0.042702363,0.037568472,0.020281784,0.014846068,0.048262734
25-Mar-20,0.067468306,0.01560686,0.066988095,0.025962731,0.0336289,-0.014686381,0.067468306
24-Mar-20,0.026315694,0.002709392,0.026397639,0.067158894,0.016870128,0.008297515,0.026315694
23-Mar-20,-0.141017378,-0.113610288,-0.136088098,-0.096898632,-0.114205967,0.02967605,-0.141017378
20-Mar-20,0.0559463,0.058097144,0.052342098,0.080297482,0.054404546,-0.001887121,0.0559463
19-Mar-20,-0.020340204,-0.07427173,-0.024827605,-0.015132206,-0.034993074,-0.002608301,-0.020340204
18-Mar-20,-0.057530421,-0.032323394,-0.059393135,-0.028082836,-0.03081334,0.000117201,-0.057530421
17-Mar-20,-0.026175159,0.007038152,-0.023190255,-0.029985036,-0.005072143,-0.010820254,-0.026175159
16-Mar-20,-0.082907831,-0.049142661,-0.078453377,-0.081437241,-0.070832432,-0.004118143,-0.082907831
13-Mar-20,0.039637602,0.034749055,0.038523861,0.013327155,0.040525845,0.016164501,0.039637602
12-Mar-20,-0.085316027,-0.102835115,-0.085777728,-0.088358888,-0.109055002,-0.034311309,-0.085316027
11-Mar-20,0.001750959,-0.009105433,-0.000912936,-0.015444282,-0.016742181,0.003547247,0.001750959
09-Mar-20,-0.053055151,-0.048025429,-0.0542273,-0.055469103,-0.061500706,-0.006989503,-0.053055151
06-Mar-20,-0.023512525,-0.033041611,-0.024419917,-0.013953018,-0.028739689,0.001377538,-0.023512525
05-Mar-20,0.001590269,0.002016079,0.001913768,0.004063289,0.000259353,0.012213197,0.001590269
04-Mar-20,-0.005561774,-0.004932192,-0.003487068,0.013168596,-0.007300953,-0.004540433,-0.005561774
03-Mar-20,0.012497082,0.030094126,0.015959592,0.012280157,0.026021228,0.032037329,0.012497082
02-Mar-20,-0.004010141,-0.006703475,-0.005915494,0.010582882,-0.012606037,-0.018910549,-0.004010141
28-Feb-20,-0.037121516,-0.044527732,-0.041218899,-0.057745557,-0.047338201,0.00035718,-0.037121516
27-Feb-20,-0.003598941,-0.011242115,-0.003422707,-0.009073768,-0.017762895,-0.002429459,-0.003598941
26-Feb-20,-0.009785265,-0.016773094,-0.009929925,-0.015339053,-0.017693142,-0.01632231,-0.009785265
25-Feb-20,-0.002034363,-0.008021465,-0.002520717,0.005800873,-0.007956253,-0.001555899,-0.002034363
24-Feb-20,-0.019793529,-0.023175927,-0.019677635,-0.010452458,-0.012905697,-0.041302289,-0.019793529
20-Feb-20,-0.003706495,0.006180748,-0.00283212,-0.007532864,-0.000294057,0.016540746,-0.003706495
19-Feb-20,0.0104266,0.015100387,0.010953243,0.000301807,0.012127815,-0.027153948,0.0104266
18-Feb-20,-0.003936792,-0.007167644,-0.004912198,0.005155688,-0.003327592,-0.008885055,-0.003936792
17-Feb-20,-0.004909294,-0.015340442,-0.005202734,0.002900969,-0.020434038,0.014890284,-0.004909294
14-Feb-20,-0.00488531,-0.011524389,-0.006426522,-0.002400854,-0.016200522,-0.006576908,-0.00488531
13-Feb-20,-0.002556078,-0.007110331,-0.001145118,0.008801673,-0.00405217,0.001163245,-0.002556078
12-Feb-20,0.008450192,-0.000340572,0.005686428,0.00696686,0.002280893,0.010575034,0.008450192
11-Feb-20,0.005755057,0.002500229,0.004929994,6.2052E-05,0.000856678,-0.004826961,0.005755057
10-Feb-20,-0.003950982,-0.013090701,-0.004197278,-0.000566392,-0.01373227,-0.021459216,-0.003950982
07-Feb-20,-0.003982643,0.002766627,-0.002092051,0.006435268,0.001014942,-0.005937499,-0.003982643
06-Feb-20,0.003962955,0.014291791,0.005606071,-0.008005591,0.008213715,-0.019642528,0.003962955
05-Feb-20,0.008623786,0.013155361,0.010351294,0.005559256,0.011786382,0.028120332,0.008623786
04-Feb-20,0.022739655,0.028531433,0.023091994,0.015775765,0.018354468,0.010733486,0.022739655
03-Feb-20,0.003436348,-2.38206E-05,0.00364656,-0.017950864,0.001466577,-0.000819256,0.003436348
01-Feb-20,-0.024559326,-0.040611401,-0.022215947,0.013981166,-0.038692218,-0.005405839,-0.024559326
31-Jan-20,-0.004662827,-0.019277323,-0.00542468,-0.012348263,-0.022450264,-0.013182389,-0.004662827
30-Jan-20,-0.006937828,-0.013260873,-0.010814338,-0.010206217,-0.009945957,-0.006571755,-0.006937828
29-Jan-20,0.005642284,0.004059861,0.005946603,0.003695488,0.008952415,-0.017275933,0.005642284
28-Jan-20,-0.004584895,-0.003727705,-0.004161076,0.00203439,-0.008788368,0.009246461,-0.004584895
27-Jan-20,-0.011068842,-0.009127249,-0.012380339,-0.005760062,-0.00898283,-0.010824352,-0.011068842
24-Jan-20,0.00546486,0.004531165,0.004683362,0.000205146,0.008381458,-0.002580875,0.00546486
23-Jan-20,0.006570064,0.013405145,0.005754057,0.008207627,0.017477083,0.014716969,0.006570064
22-Jan-20,-0.005056586,-0.010955057,-0.004501447,0.010797311,-0.01183184,0.009974364,-0.005056586
21-Jan-20,-0.004950964,-0.005553733,-0.003961227,-0.003277489,-0.010334455,0.017341461,-0.004950964
20-Jan-20,-0.009978246,-0.004495277,-0.013690705,-0.008717391,-0.008666035,-0.00950891,-0.009978246
17-Jan-20,0.000305444,-0.002971121,0.001232223,-0.001736378,0.000107863,0.0021845,0.000305444
16-Jan-20,0.001427834,-0.004657346,0.001233743,0.000131936,-0.001832094,-0.024104892,0.001427834
15-Jan-20,-0.001906345,0.005377469,-0.001182367,-0.001502913,0.010281476,-0.017973917,-0.001906345
14-Jan-20,0.002217813,0.002929476,0.002417634,0.007158415,0.001197344,-0.015066759,0.002217813
13-Jan-20,0.006229875,0.008001274,0.006769527,0.018337291,0.008257053,0.001634564,0.006229875
10-Jan-20,0.003548862,0.002430618,0.004312927,0.00535362,0.006168779,-0.018904172,0.003548862
09-Jan-20,0.015427784,0.014866268,0.014846953,-0.001136739,0.014076511,0.007950534,0.015427784
08-Jan-20,-0.001266539,-0.010165073,-0.001689903,0.002286268,-0.004974439,-0.007946063,-0.001266539
07-Jan-20,0.004729603,0.002604023,0.006936199,-0.002639841,0.008904379,-0.002206491,0.004729603
06-Jan-20,-0.019186566,-0.024022733,-0.020665912,-0.004991446,-0.018172183,0.017544547,-0.019186566
03-Jan-20,-0.003900055,-0.005056489,-0.004206815,0.015133996,0.000276235,0.007332684,-0.003900055
02-Jan-20,0.007732095,0.010619877,0.008640487,-0.001825085,0.019359583,0.015390557,0.007732095
01-Jan-20,0.001266477,0.00056899,0.001098413,0.006044705,0.007861364,-0.015852428,0.001266477
31-Dec-19,-0.007348267,0.001073208,-0.00688435,-0.006392757,0.007580328,-0.026999777,-0.007348267
30-Dec-19,-0.000412351,0.004502484,0.001456361,-0.002878667,0.00389797,0.01148926,-0.000412351
27-Dec-19,0.009944135,0.010555647,0.009360769,0.004637509,0.00842086,0.004091277,0.009944135
26-Dec-19,-0.00720124,-0.004793724,-0.006963561,-0.004293019,-0.004795895,0.001886627,-0.00720124
24-Dec-19,-0.004365625,0.001684062,-0.003957514,-0.006075809,0.001268963,-0.013498675,-0.004365625
23-Dec-19,-0.000933222,-0.002104634,0.0002079,0.003090117,-0.005066217,0.02834884,-0.000933222
20-Dec-19,0.000182831,0.003636045,0.001873049,0.000749901,0.002875383,0.009128435,0.000182831
19-Dec-19,0.002771756,0.004898478,0.003338553,0.008743809,-0.002415877,-0.021779837,0.002771756
18-Dec-19,0.004978859,0.001697793,0.005606659,0.004763381,-0.004699957,-0.021142285,0.004978859
17-Dec-19,0.010048584,0.005785159,0.010246208,0.016729651,0.008152999,-0.014526669,0.010048584
16-Dec-19,-0.001732553,-0.004800907,-0.00228014,0.011765917,-0.006264208,0.013385322,-0.001732553
13-Dec-19,0.010491395,0.012748208,0.010970979,0.016672468,0.01094481,0.00359276,0.010491395
12-Dec-19,0.004176597,0.013693842,0.006338995,-0.015426175,0.008901359,-0.005526079,0.004176597
11-Dec-19,0.004282332,0.006663387,0.004428849,0.009669523,0.010810916,0.021311981,0.004282332
10-Dec-19,-0.006133012,-0.013168517,-0.007818227,-0.011876315,-0.015009663,-0.01089631,-0.006133012
09-Dec-19,0.00104482,0.00118792,0.00220448,-0.010292886,0.004257187,-0.006349596,0.00104482
06-Dec-19,-0.008234976,-0.014748526,-0.009055655,-0.001288078,-0.018872854,0.000809861,-0.008234976
05-Dec-19,-0.001732209,-0.010329814,-0.003514381,0.010287547,-0.00765543,0.001456729,-0.001732209
04-Dec-19,0.004289204,0.005409285,0.003141057,0.013597637,0.006050938,-0.008430252,0.004289204
03-Dec-19,-0.00311055,-0.012340336,-0.004999744,0.005900137,-0.019055757,-0.010553677,-0.00311055
02-Dec-19,0.000204912,-0.000663922,0.000849257,-0.008497095,-0.009560356,0.007618256,0.000204912
29-Nov-19,-0.008211561,-0.017956874,-0.007933611,-0.007403048,0.003567451,0.001618933,-0.008211561
28-Nov-19,0.002667292,0.018997215,0.002848854,0.007244407,0.009087402,-0.007183563,0.002667292
27-Nov-19,0.004870619,0.008898043,0.008169373,0.006189507,-0.000957504,0.001135903,0.004870619
26-Nov-19,-0.001662699,-0.01066819,-0.004729397,-0.012157882,-0.009413416,-0.006617428,-0.001662699
25-Nov-19,0.013042126,0.012614043,0.015601107,0.006480689,0.003743544,-0.008546782,0.013042126
22-Nov-19,-0.005331726,0.003655901,-0.004888147,-0.022309649,0.00084003,-0.001494355,-0.005331726
21-Nov-19,-0.001882876,-0.01150555,-0.003423562,0.000765813,-0.005308313,-0.000918826,-0.001882876
20-Nov-19,0.004485634,0.008588722,0.005622956,0.000625454,0.006485542,-0.000185388,0.004485634
19-Nov-19,0.004594462,0.000762041,0.00624901,-0.001750287,-0.001457318,-0.009960276,0.004594462
18-Nov-19,-0.001798096,0.005485872,-0.000648263,-0.002811804,0.002579778,0.037951464,-0.001798096
15-Nov-19,0.001741251,-0.004768126,0.003083,-0.00441998,-0.001402879,0.04145228,0.001741251
14-Nov-19,0.004239176,-0.00512506,0.001952067,0.01068133,-0.004196867,0.001998252,0.004239176
13-Nov-19,-0.005692701,-0.016647497,-0.004927052,0.001703473,-0.021325597,0.021127003,-0.005692701
11-Nov-19,0.000532301,0.0066523,0.000378143,-0.00676439,0.001695982,-0.003648907,0.000532301
08-Nov-19,-0.008153683,-0.015417479,-0.010534334,-0.015639107,-0.011811911,0.002779136,-0.008153683
07-Nov-19,0.004535314,-0.001935015,0.006059812,0.004266144,0.000920337,0.022718584,0.004535314
06-Nov-19,0.005489495,0.003328804,0.003556421,0.004725742,0.003744205,-0.016842402,0.005489495
05-Nov-19,-0.001334075,-0.003133298,-0.002695419,-0.005992332,-0.007636312,-0.001016584,-0.001334075
04-Nov-19,0.003403386,-0.000195506,0.00339742,0.010182503,0.006440985,-0.006285519,0.003403386
01-Nov-19,0.000896206,-0.00236476,0.00156778,-0.007775715,-0.000597128,-0.008466305,0.000896206
31-Oct-19,0.001925147,0.009142821,0.005479466,0.01731506,0.003098081,-0.01270977,0.001925147
30-Oct-19,0.005508772,0.002781156,0.005290873,0.014615986,0.008802922,0.00335466,0.005508772
29-Oct-19,0.014710053,0.022913533,0.014876307,0.016832221,0.011044344,0.008162817,0.014710053
27-Oct-19,0.004907283,0.004249728,0.004617918,0.005835069,0.00333723,0.006850482,0.004907283
25-Oct-19,0.000964927,-2.25329E-05,-0.001615914,0.009820823,-0.011301433,0.018165312,0.000964927
24-Oct-19,-0.000984641,-0.012583852,-0.002002337,-0.007130953,-0.006533997,-0.006899493,-0.000984641
23-Oct-19,0.002434935,-0.004639658,0.000555803,0.011398013,-0.001421931,0.014677105,0.002434935
22-Oct-19,-0.00854926,0.000686821,-0.010617807,-0.072677713,-0.000273217,0.01537616,-0.00854926
18-Oct-19,0.006287669,0.023069927,0.008174583,0.00654998,0.026126465,0.008979228,0.006287669
17-Oct-19,0.011669517,0.014483737,0.013231177,0.001512277,0.006188139,-0.017805643,0.011669517
16-Oct-19,0.0024097,0.005514868,0.003434011,0.006879668,-0.002085742,-0.014341729,0.0024097
15-Oct-19,0.007602171,0.009555435,0.006619731,-0.006670246,0.011155584,-0.024290891,0.007602171
14-Oct-19,0.002289449,0.005857287,0.002728515,-0.00908863,0.006340886,-0.004646679,0.002289449
11-Oct-19,0.006490963,0.003342281,0.005880187,0.017235228,0.001605873,0.039229091,0.006490963
10-Oct-19,-0.007824296,-0.013046668,-0.007586381,-0.002526744,-0.004067026,-0.013080883,-0.007824296
09-Oct-19,0.017064754,0.013848592,0.017830485,-0.009218937,0.017472982,-0.020055539,0.017064754
07-Oct-19,-0.003758517,-0.018376166,-0.002368916,-0.006523525,-0.011740007,0.013393594,-0.003758517
04-Oct-19,-0.011442695,-0.011676645,-0.010676871,0.007333914,-0.009897389,-0.005971721,-0.011442695
03-Oct-19,-0.005196559,0.010056349,-0.007678563,-0.002447374,-0.00153588,0.00729201,-0.005196559
01-Oct-19,-0.009403918,-0.002840747,-0.009754525,-0.016936577,-0.019085731,-0.016365604,-0.009403918
30-Sep-19,-0.004006721,-0.030369028,-0.006208942,0.0230813,-0.003284807,-0.014697923,-0.004006721
27-Sep-19,-0.004296756,-0.014040619,-0.005117092,-0.005442187,-0.015169775,-0.015986886,-0.004296756
26-Sep-19,0.010214148,0.020099612,0.008636354,-0.005489603,0.013392688,0.003056016,0.010214148
25-Sep-19,-0.012964932,-0.014302879,-0.01427921,0.004205673,-0.010486905,0.009013371,-0.012964932
24-Sep-19,0.000181871,-0.007119514,0.00104871,0.022866245,-0.007929822,0.011891713,0.000181871
23-Sep-19,0.027896625,0.025075488,0.020362758,-0.033422229,0.028790495,-0.021823324,0.027896625
20-Sep-19,0.05185886,0.043093106,0.052293447,-0.010942327,0.0405604,0.002871166,0.05185886
19-Sep-19,-0.012948905,-0.018716156,-0.011689825,-0.013057273,-0.015870591,-0.002584874,-0.012948905
18-Sep-19,0.002266824,0.003478345,0.002291759,0.003383391,-0.001492966,0.011073521,0.002266824
17-Sep-19,-0.01745103,-0.029187289,-0.016974771,-0.00564994,-0.019827379,0.008491797,-0.01745103
16-Sep-19,-0.007024213,-0.012733314,-0.006112347,0.001585606,-0.005889133,-0.00188457,-0.007024213
13-Sep-19,0.00753696,0.014065308,0.007327731,0.009709068,0.006845883,0.004344013,0.00753696
12-Sep-19,-0.004478388,-0.004395611,-0.005313632,-0.006307248,0.000225251,-0.016533034,-0.004478388
11-Sep-19,0.003369428,0.000652485,0.004966228,-0.012943716,-0.00494383,-0.002172951,0.003369428
09-Sep-19,0.004416199,0.004127251,0.004991015,-0.008159307,0.011271535,-0.015070886,0.004416199
06-Sep-19,0.009163923,0.015946395,0.00976359,0.001467196,0.017610518,0.016170467,0.009163923
05-Sep-19,-0.002189477,0.010851352,0.000646469,0.001071434,0.015521311,0.00391995,-0.002189477
04-Sep-19,0.004416304,0.010806122,0.002590065,0.004117004,0.011489977,-0.001186297,0.004416304
03-Sep-19,-0.02083769,-0.019496603,-0.019379546,-0.00021613,-0.02452782,0.00831532,-0.02083769
30-Aug-19,0.007092877,0.010456281,0.008009794,0.007907612,-0.001444628,-0.004403001,0.007092877
29-Aug-19,-0.010276688,-0.002415572,-0.008241008,0.000718634,0.000115493,-0.008228804,-0.010276688
28-Aug-19,-0.005045214,-0.009558404,-0.005648104,0.012585471,-0.015529063,0.006112508,-0.005045214
27-Aug-19,0.003916934,0.012741677,0.003396566,-0.01530681,0.019695736,0.027820321,0.003916934
26-Aug-19,0.021375758,0.017063939,0.018802032,0.005322351,0.023172949,0.00967981,0.021375758
23-Aug-19,0.006238021,0.01830004,0.010455218,0.009333206,0.015009102,0.01082789,0.006238021
22-Aug-19,-0.015977863,-0.020947921,-0.016255732,0.003026546,-0.020277412,-0.007962402,-0.015977863
21-Aug-19,-0.007195779,-0.019175595,-0.007276146,0.001581165,-0.024781887,0.01600812,-0.007195779
20-Aug-19,-0.001993297,-0.013298864,-0.001796321,0.013283742,-0.01054149,-0.005018655,-0.001993297
19-Aug-19,0.001395533,-0.004720055,0.001100588,0.003716617,-0.002447564,0.011609603,0.001395533
16-Aug-19,0.001039353,0.009003306,-0.000289746,-0.007825854,0.004786879,-0.007657765,0.001039353
14-Aug-19,0.009515932,0.014636607,0.008495338,0.006527821,0.010681776,0.009921543,0.009515932
13-Aug-19,-0.016736356,-0.02003918,-0.015251535,-0.025732456,-0.024805263,-0.006508578,-0.016736356
09-Aug-19,0.006796248,0.004186739,0.007915685,-0.002777964,-0.0039348,-0.000257714,0.006796248
08-Aug-19,0.017208704,0.019609606,0.015962918,0.019609142,0.006246679,-0.0162566,0.017208704
07-Aug-19,-0.007774175,-0.013677054,-0.008334849,0.002166483,-0.008656116,-0.030953125,-0.007774175
06-Aug-19,0.007519646,0.014612705,0.007333347,-0.002005998,0.018128408,0.017355618,0.007519646
05-Aug-19,-0.011335559,-0.014151344,-0.01036825,0.00688864,-0.026266238,-0.008851112,-0.011335559
02-Aug-19,0.002695029,-0.007447968,0.003912071,0.006465194,-0.008402482,-0.006945023,0.002695029
01-Aug-19,-0.012424414,-0.014979766,-0.012788641,-0.019389111,-0.009859852,0.006715861,-0.012424414
31-Jul-19,0.002240435,0.01635484,0.002486772,0.005994354,0.008484601,-0.029080122,0.002240435
30-Jul-19,-0.007701586,-0.016918723,-0.011800396,0.006631503,-0.016951868,-0.012606603,-0.007701586
29-Jul-19,-0.005198429,-0.017701159,-0.009511135,0.006049379,-0.013314918,-0.002870959,-0.005198429
26-Jul-19,0.001368576,0.001219174,0.000964074,-0.008702253,-0.000266631,-0.009928588,0.001368576
25-Jul-19,-0.000440547,-0.003564671,0.000908214,0.007667327,-0.002768757,-0.017170687,-0.000440547
24-Jul-19,-0.003562955,-0.018763755,-0.006904385,-0.005342024,-0.017394493,-0.017680867,-0.003562955
23-Jul-19,-0.001273189,-0.005731542,-0.004670145,0.00238103,-0.001670757,0.014261006,-0.001273189
22-Jul-19,-0.008010713,0.005341188,-0.006657926,0.003177728,0.004077371,-0.006360951,-0.008010713
19-Jul-19,-0.014513205,-0.009194177,-0.015712633,-0.007077438,-0.009072958,0.007858689,-0.014513205
18-Jul-19,-0.008146694,-0.019635378,-0.007928088,-0.009286134,-0.020448719,-0.020524324,-0.008146694
17-Jul-19,0.002159633,-0.002377622,0.002344539,0.008558475,-0.004769162,0.00907282,0.002159633
16-Jul-19,0.006006343,0.012179028,0.006462235,-0.003761504,0.014427616,-0.006204246,0.006006343
15-Jul-19,0.004134333,0.002193567,0.006061961,0.034662014,-0.008589888,0.008987013,0.004134333
12-Jul-19,-0.00224035,-0.001171921,-0.000718331,0.003340855,-0.004318125,0.010294909,-0.00224035
11-Jul-19,0.006876985,0.006537647,0.008988575,0.001078192,0.003860028,0.001541651,0.006876985
10-Jul-19,-0.004496962,-0.006793156,-0.004670827,-0.00337627,-0.015100916,0.001517841,-0.004496962
09-Jul-19,0.000264682,-0.005414198,-0.001995124,-0.009812213,0.003867117,-0.0137764,0.000264682
08-Jul-19,-0.020268618,-0.029131515,-0.019898154,-0.00096834,-0.03471472,-0.008957638,-0.020268618
05-Jul-19,-0.009938707,-0.018643762,-0.012941674,-0.026758839,-0.026427763,0.010495778,-0.009938707
04-Jul-19,0.001725701,0.001414085,0.002199041,0.000829659,0.000189358,-0.009663403,0.001725701
03-Jul-19,0.00057171,0.008017173,0.0002148,-0.008595873,0.00255985,0.00029897,0.00057171
02-Jul-19,0.003269817,0.007814937,0.004521485,0.008326909,0.006906269,-0.008125733,0.003269817
01-Jul-19,0.007381313,-0.009586273,0.008832591,4.15218E-05,-0.003578163,-0.000758149,0.007381313
28-Jun-19,-0.004856111,-0.003918349,-0.005265599,-0.003029116,-0.006455923,-0.009363664,-0.004856111
27-Jun-19,-0.000143221,0.001662915,0.000541565,-0.007600836,0.000662659,0.005737593,-0.000143221
26-Jun-19,0.003976873,0.00755843,0.004125508,-0.006567563,0.015171323,-0.00949709,0.003976873
25-Jun-19,0.007942718,0.012491031,0.008796189,0.000284487,0.005737029,0.013182437,0.007942718
24-Jun-19,-0.001826669,-0.002708992,-0.00131615,-0.00016392,-0.002559213,-0.005973393,-0.001826669
21-Jun-19,-0.010334103,-0.002825239,-0.007044782,-0.006463103,-0.002119666,-0.006209845,-0.010334103
20-Jun-19,0.012422034,0.009850665,0.013311983,0.002758531,0.010449011,0.01282703,0.012422034
19-Jun-19,0.001699099,-0.00373646,-0.001983362,-0.00033718,-0.006881539,0.009848144,0.001699099
18-Jun-19,0.00219339,0.006965192,0.002259141,0.007543287,0.003192573,0.011273688,0.00219339
17-Jun-19,-0.012530762,-0.019872581,-0.013805413,-0.002492469,-0.014525771,0.004997494,-0.012530762
14-Jun-19,-0.007305942,-0.006198662,-0.008667443,-0.003036685,-0.001049969,-0.015710507,-0.007305942
13-Jun-19,-0.000388688,0.002931419,-0.000269651,-0.007782971,0.000620303,0.016859292,-0.000388688
12-Jun-19,-0.004859039,-0.008950467,-0.005913996,-0.001047911,-0.002478907,-0.018424974,-0.004859039
11-Jun-19,0.004162295,0.007585474,0.005051601,0.00487845,0.004389948,-0.000166691,0.004162295
10-Jun-19,0.004247339,-0.004205486,0.00453589,0.017676112,-0.004437559,0.010012089,0.004247339
07-Jun-19,0.002177759,0.004205486,0.00162496,0.003852743,-0.003848991,0.002589091,0.002177759
06-Jun-19,-0.013912982,-0.011578139,-0.015117975,-0.002378206,-0.016043251,0.02055996,-0.013912982
04-Jun-19,-0.004581896,-0.003836463,-0.005962539,-0.016404555,-0.000326653,-0.013153436,-0.004581896
03-Jun-19,0.013838866,0.014112466,0.014111844,0.012198434,0.008245537,-0.001124281,0.013838866
31-May-19,-0.00296105,0.003727813,0,0.011863561,-0.013039701,-0.001027306,-0.00296105
30-May-19,0.008317287,0.00507418,0.006860256,0.009245261,0.007036212,-0.011050553,0.008317287
29-May-19,-0.006250479,-0.004339201,-0.006644902,0.00596847,-0.009447863,-0.000146289,-0.006250479
28-May-19,0.001672856,0.001083036,0.003830285,0.016290138,-0.000138956,0.007813333,0.001672856
27-May-19,0.006283546,0.01730279,0.004985109,-0.000702513,0.020163954,-0.012110703,0.006283546
24-May-19,0.015932886,0.019939101,0.017480376,0.003435893,0.022703807,0.010992624,0.015932886
23-May-19,-0.007669798,-0.001251286,-0.004357546,-0.008944924,0.006985911,0.010121125,-0.007669798
22-May-19,0.003596571,0.006869517,0.002093665,-0.006155552,0.007378304,-0.025866099,0.003596571
21-May-19,-0.009776838,-0.021784963,-0.011788387,-0.014025466,-0.011507831,-0.00889672,-0.009776838
20-May-19,0.036801169,0.044622623,0.035112734,0.006911563,0.0563431,0.005096594,0.036801169
17-May-19,0.014266298,0.005517376,0.010727463,-0.008394738,0.003288125,-0.006114492,0.014266298
16-May-19,0.00747839,0.012659935,0.009690721,0.012425794,0.008838866,-0.011529719,0.00747839
15-May-19,-0.005472019,-0.003440434,-0.00671895,0.001217907,-0.008324118,0.00918953,-0.005472019
14-May-19,0.006120486,0.00386298,0.005682323,-0.012371254,0.009726898,-0.013295765,0.006120486
13-May-19,-0.009984013,-0.01680786,-0.011673952,0.001083112,-0.026018145,0.001638806,-0.009984013
10-May-19,-0.002557121,-0.006453605,-0.001762115,-0.011363697,0.00157157,-0.003955169,-0.002557121
09-May-19,-0.006110861,-0.003536141,-0.005154797,0.004266203,-0.007027507,0.007938581,-0.006110861
08-May-19,-0.012818032,-0.012546298,-0.012576663,-0.004439662,-0.01147106,-0.050852476,-0.012818032
07-May-19,-0.008421558,-0.011291866,-0.009882381,0.00187584,-0.006354902,0.010293152,-0.008421558
06-May-19,-0.009358066,-0.004851716,-0.010387277,-0.0004471,-0.009163077,0.000586115,-0.009358066
03-May-19,-0.000466228,4.20875E-05,-0.00098366,-0.019289184,-0.000784314,0.004858687,-0.000466228
02-May-19,-0.001284915,-0.007651788,-0.004849485,-0.018527627,-9.7996E-05,-0.006640053,-0.001284915
30-Apr-19,-0.000916274,0.003703282,-0.002171907,0.013542255,-0.006641298,-0.003301568,-0.000916274
26-Apr-19,0.00864987,0.001069597,0.008716076,0.011945352,0.001656194,-0.01579193,0.00864987
25-Apr-19,-0.008326017,-0.002703242,-0.007250556,-0.003635314,-0.002288721,-0.010644037,-0.008326017
24-Apr-19,0.012620698,0.015097172,0.010648565,0.013266368,0.007077861,0.012974912,0.012620698
23-Apr-19,-0.002080041,0.000999033,-0.001261899,0.003289005,-0.000783469,0.017428258,-0.002080041
22-Apr-19,-0.012730057,-0.024701949,-0.013560453,0.005816621,-0.014770456,-0.01108144,-0.012730057
18-Apr-19,-0.003452364,-0.00169987,-0.002107368,-0.00197941,-0.009551996,0.002530164,-0.003452364
16-Apr-19,0.009460111,0.001430185,0.008129685,0.000506197,0.009744935,-0.021256383,0.009460111
15-Apr-19,0.003572161,0.000601703,0.005730362,0.007179071,0.000916966,0.006648592,0.003572161
12-Apr-19,0.004138341,0.005452554,0.003618822,0.001904677,0.009216208,0.01498568,0.004138341
11-Apr-19,0.000561195,0.002716541,0.000494492,-0.010711775,0.00312363,-0.010204413,0.000561195
10-Apr-19,-0.009129298,-0.005363286,-0.006955312,-0.00906613,-0.003659522,-0.011519403,-0.009129298
09-Apr-19,0.006148674,0.00729023,0.004978809,0.002838871,-0.000438244,0.006279676,0.006148674
08-Apr-19,-0.004169533,-0.01297678,-0.005469875,0.009654388,-0.001994019,-0.008371939,-0.004169533
05-Apr-19,0.004578138,0.008375032,0.005524725,0.011351323,0.004382341,0.013367531,0.004578138
04-Apr-19,-0.004961213,-0.001897277,-0.005361063,-0.015462471,-0.007632326,-0.061305059,-0.004961213
03-Apr-19,-0.004607254,-0.010587591,-0.00582077,-0.001549479,-0.007189936,-0.012328933,-0.004607254
02-Apr-19,0.004742303,0.000309199,0.00244386,0.007133276,-0.002784848,0.017645824,0.004742303
01-Apr-19,0.005131498,-0.008212755,0.005015001,0.016336707,0.000911424,-0.002431752,0.005131498
29-Mar-19,0.003294286,0.017741569,0.005479766,0.003508697,0.004424999,-0.035149586,0.003294286
28-Mar-19,0.010768167,0.006934174,0.010383965,0.014364391,0.005607401,0.014682271,0.010768167
27-Mar-19,-0.002632839,-0.006101275,-0.001830537,-0.000749904,-0.00401539,-0.012341795,-0.002632839
26-Mar-19,0.011164952,0.000937842,0.012940832,-0.005854654,0.009898189,0.017031914,0.011164952
25-Mar-19,-0.009363857,0.01673644,-0.008720011,-0.008642754,0.00694821,-0.002435334,-0.009363857
22-Mar-19,-0.005803702,-0.011006964,-0.008423903,-0.001699972,0.001769216,0.018806908,-0.005803702
20-Mar-19,0.000606643,-0.022108368,-0.000827472,0.009304817,-0.012173511,-0.010681888,0.000606643
19-Mar-19,0.007020827,0.012009802,0.006361521,0.009308788,0.010453397,-0.020058579,0.007020827
18-Mar-19,0.001858922,0.009972752,0.00339087,-0.011551595,0.001523379,0.002572583,0.001858922
15-Mar-19,0.007110951,0.013489043,0.005919821,0.017379162,0.010729133,-0.014258567,0.007110951
14-Mar-19,7.20462E-05,0.002937172,-0.001063681,-0.004224643,0.004184315,-0.009605677,7.20462E-05
13-Mar-19,0.005751543,-0.001469664,0.003755926,-0.001953223,-0.002542564,0.006614841,0.005751543
12-Mar-19,0.012912408,0.001277847,0.011239564,-0.002183755,0.01111512,-0.018850862,0.012912408
11-Mar-19,0.010381029,0.015138303,0.013667899,-0.00063617,0.017317549,-0.011375197,0.010381029
08-Mar-19,-0.001471181,-0.005372935,-0.00276005,-0.008828538,-0.000358524,-0.022184103,-0.001471181
07-Mar-19,0.002435065,-0.003887587,-0.000287068,-0.007048388,-0.003629211,-0.0134418,0.002435065
06-Mar-19,0.00529732,0.002231904,0.004660672,0.002933694,0.007837151,0.003780635,0.00529732
05-Mar-19,0.010446904,0.026693216,0.012360523,-0.008607429,0.031924552,0.020577572,0.010446904
01-Mar-19,0.005459949,0.011094214,0.005973663,0.006913308,0.019677336,-0.007983878,0.005459949
28-Feb-19,-0.001058617,0.008379687,-0.000528526,-0.010299566,0.012093627,-0.000908687,-0.001058617
27-Feb-19,-0.001899856,-0.002224995,-0.00257989,-0.002984813,0.002139742,0.00902884,-0.001899856
26-Feb-19,-0.00664027,0.002157498,-0.00350734,-0.001590159,-0.003837303,-0.019127391,-0.00664027
25-Feb-19,0.009486113,0.002139616,0.009380382,0.024308655,-0.011099739,-0.000187166,0.009486113
22-Feb-19,-0.000748783,0.014123117,0.001001856,0.004031774,0.00765871,-0.000193813,-0.000748783
21-Feb-19,0.003965975,0.00548022,0.005024394,-0.003243277,0.004316829,0.00988882,0.003965975
20-Feb-19,0.011353136,0.016669951,0.013062725,0.014257321,0.021644309,0.011314319,0.011353136
19-Feb-19,-0.004116529,0.009041759,-0.003176985,-0.021101317,0.003812519,-9.21437E-05,-0.004116529
18-Feb-19,-0.00870911,-0.006630794,-0.009115073,-0.011512561,-0.005825042,-0.004623569,-0.00870911
15-Feb-19,-0.001876818,0.003568582,-0.005559184,-0.002174707,0.010837019,0.016781095,-0.001876818
14-Feb-19,-0.004391309,-0.004107457,-0.002591591,-0.012926156,0.001977905,0.025692273,-0.004391309
13-Feb-19,-0.003311092,-0.010276577,-0.005163119,0.006666235,-0.008168829,-0.008979587,-0.003311092
12-Feb-19,-0.006655145,0.000347814,-0.004321175,-0.009414749,0.00089812,-0.000186147,-0.006655145
11-Feb-19,-0.004152648,-0.006173073,-0.00696786,0.002003232,-0.011224465,-0.004191409,-0.004152648
08-Feb-19,-0.011551381,-0.021502282,-0.011563483,-0.005525516,-0.020174941,0.015173429,-0.011551381
07-Feb-19,-0.000111973,0.012005273,0.002061266,0.001141279,0.003052272,-0.001798565,-0.000111973
06-Feb-19,0.009740804,0.01481236,0.01066016,0.016314385,0.00366411,-0.008435146,0.009740804
05-Feb-19,0.00093088,-0.008169339,0.000463553,-0.000858508,-0.009976369,0.004166328,0.00093088
04-Feb-19,0.003102169,-0.012062101,0.001914431,0.001169461,-0.013309462,-0.000215257,0.003102169
01-Feb-19,0.005850459,0.00516797,0.004364659,0.011067906,0.003216816,-0.022227169,0.005850459
31-Jan-19,0.018524095,0.012448484,0.017948521,0.021068659,0.007384085,-0.002922054,0.018524095
30-Jan-19,-3.51204E-05,-0.001062552,0.00130719,0.00013784,-0.001621622,-0.003716021,-3.51204E-05
29-Jan-19,-0.001802126,0.001894903,0.000237855,0.006494628,0.00780788,-0.005295965,-0.001802126
28-Jan-19,-0.010291064,-0.011361668,-0.01376155,0.004231998,-0.020740367,0.014228039,-0.010291064
25-Jan-19,-0.004695619,-0.010283803,-0.008120389,0.001974301,-0.00711898,-0.006684192,-0.004695619
24-Jan-19,0.002396287,0.003015021,0.001630467,0.007571009,-0.002643406,0.014911804,0.002396287
23-Jan-19,-0.009266933,-0.004191358,-0.005521183,-0.008502449,-0.00830753,0.002604959,-0.009266933
22-Jan-19,-0.003678815,-0.00453403,-0.00115848,0.000305417,-0.006003516,0.001249014,-0.003678815
21-Jan-19,0.005272362,-0.008047296,0.005572986,0.006358369,-0.007725249,0.008638732,0.005272362
18-Jan-19,0.000344417,-0.006143045,0.00046582,0.001433116,-0.009560597,-0.005483016,0.000344417
17-Jan-19,0.001452362,0.003823841,-0.000174708,0.004838353,0.000972439,0.009956442,0.001452362
16-Jan-19,8.14982E-05,-0.00042312,0.00192347,0.006490531,0.004259147,0.001998975,8.14982E-05
15-Jan-19,0.012879708,0.012794689,0.014101291,0.029706133,0.009195705,-0.007185448,0.012879708
14-Jan-19,-0.00434937,-0.004747076,-0.004015595,0.000897217,-0.013864415,-0.010125282,-0.00434937
11-Jan-19,-0.00268067,0.000538817,-0.004703678,-0.003930121,-0.005461845,0.011290426,-0.00268067
10-Jan-19,-0.002942781,-0.003362855,-0.001758191,0.001323944,0.002344428,0.000607825,-0.002942781
09-Jan-19,0.006426609,-0.006936496,0.003225715,0.003238483,-0.005749335,-0.005035201,0.006426609
08-Jan-19,0.003641046,0.003741069,0.003825672,-0.000648679,0.001929718,-0.004596935,0.003641046
07-Jan-19,0.004334606,-6.69277E-05,0.00378117,0.010997368,0.003768593,-0.03790992,0.004334606
04-Jan-19,0.005094605,0.005839531,0.003736105,-0.011551723,0.00876322,0.020852041,0.005094605
03-Jan-19,-0.010582237,-0.009647023,-0.009167051,-0.008971973,-0.010139893,-0.004107995,-0.010582237
02-Jan-19,-0.010064386,-0.01252211,-0.010075062,0.002831341,-0.013211034,-0.000859991,-0.010064386
01-Jan-19,0.005150247,0.000768445,0.002450839,0.003775805,0.001862245,-0.003575925,0.005150247
31-Dec-18,-0.000232587,0.00261714,0.001578717,0.002665093,0.002572576,-0.014597662,-0.000232587
28-Dec-18,0.007496557,0.01582596,0.007282583,0.000624303,0.014704277,0.005209548,0.007496557
27-Dec-18,0.004403761,0.002778091,0.003306374,0.013086483,0.005602544,0.000815075,0.004403761
26-Dec-18,0.005055966,0.003866303,0.004029635,-0.007419357,0.006204456,0.00360307,0.005055966
24-Dec-18,-0.007636929,-0.006912832,-0.00592033,0.005034879,-0.009035351,0.008717149,-0.007636929
21-Dec-18,-0.019110025,-0.012270911,-0.018249322,-0.02658498,-0.016212438,0.012928361,-0.019110025
20-Dec-18,-0.001444402,0.006828235,-0.002373579,-0.002258432,0.002481077,0.008338245,-0.001444402
19-Dec-18,0.003768983,0.010353055,0.00486901,-0.010644954,0.015943922,-0.006865905,0.003768983
18-Dec-18,0.002120987,0.008827338,0.003026073,-0.010905885,0.01108475,-0.017666594,0.002120987
17-Dec-18,0.008504198,0.009409422,0.006372986,-0.003527873,0.011367033,-0.002761689,0.008504198
14-Dec-18,0.000926104,0.011997703,0.003466615,0.004132357,0.004699679,0.001587891,0.000926104
13-Dec-18,0.004199496,0.007884587,0.005666406,0.007877234,0.005732804,-0.014029579,0.004199496
12-Dec-18,0.017738183,0.013233396,0.018339273,0.009917533,0.022503103,9.75228E-05,0.017738183
11-Dec-18,0.005428361,0.008292099,0.008172206,0.011818176,0.009024098,-0.031751956,0.005428361
10-Dec-18,-0.020204567,-0.016586404,-0.019859833,-0.016123829,-0.02474353,-0.006112671,-0.020204567
07-Dec-18,0.010174577,0.000352051,0.009339148,0.003226456,0.001179815,0.001396578,0.010174577
06-Dec-18,-0.016076408,-0.014934866,-0.017646815,-0.016814174,-0.017447251,0.009094525,-0.016076408
05-Dec-18,-0.00693989,-0.017014076,-0.010463913,-0.001696664,-0.017355376,-0.017142572,-0.00693989
04-Dec-18,-0.002948245,0.004808852,-0.000876808,0.016925856,0.003582279,-0.000659184,-0.002948245
03-Dec-18,0.001289427,0.019539937,0.004391751,0.006070339,0.016043125,-0.012506132,0.001289427
30-Nov-18,0.000660267,-0.015120976,0.000939408,0.01021162,-0.013543514,0.005066654,0.000660267
29-Nov-18,0.012616015,0.003378886,0.012233834,-0.010075216,0.000573709,0.016552115,0.012616015
28-Nov-18,0.005722597,-0.025572772,0.004887945,0.035206978,-0.017531154,-0.029170939,0.005722597
27-Nov-18,0.004488966,0.000561237,0.003951628,0.016539326,0.003697811,0.023416631,0.004488966
26-Nov-18,0.010608174,0.006827349,0.00964502,0.009650138,-0.00385159,0.009179237,0.010608174
22-Nov-18,-0.006234772,-0.012894419,-0.008744741,-0.001002953,-0.005469383,-0.004219368,-0.006234772
21-Nov-18,-0.00777401,0.003398398,-0.003775738,-0.02965613,0.001734694,-0.055224897,-0.00777401
20-Nov-18,-0.008431561,-0.00985032,-0.010532364,-0.017523985,-0.006210568,-0.009241502,-0.008431561
19-Nov-18,0.008920764,0.005514924,0.006770828,0.006239676,0.005189795,0.004816174,0.008920764
16-Nov-18,0.005560716,-0.01557657,0.004599357,0.003070461,-0.011563754,0.005416516,0.005560716
15-Nov-18,0.00336778,0.005128499,0.004801065,-0.00070022,0.001867508,-0.001254931,0.00336778
14-Nov-18,-7.11374E-05,0.006997681,-0.001442741,-0.022617671,0.003846937,0.008483722,-7.11374E-05
13-Nov-18,0.009477256,0.012927648,0.006871636,0.003904538,0.013633442,0.010770177,0.009477256
12-Nov-18,-0.009877239,-0.01716311,-0.009451354,0.004566775,-0.010382397,-0.018259902,-0.009877239
09-Nov-18,-0.002248133,0.01642051,-0.001018056,-0.011960917,0.009354701,-0.007830036,-0.002248133
07-Nov-18,0.006999073,0.009242899,0.006786609,0.008939151,0.008147735,0.004092344,0.006999073
06-Nov-18,0.0011721,-0.00188262,-0.000843323,0.00989956,0.001710155,-0.013609702,0.0011721
05-Nov-18,-0.001736072,-0.0094052,0.000120431,0.000198767,-0.006050126,0.010553356,-0.001736072
02-Nov-18,0.01669537,0.015337238,0.013764049,-0.013253924,0.014069749,-0.022616199,0.01669537
01-Nov-18,-0.000292708,0.007642883,-0.000427285,-0.017930025,0.012151329,0.01391677,-0.000292708
31-Oct-18,0.016124873,0.019085744,0.015250572,0.034649548,0.014285196,0.012407333,0.016124873
30-Oct-18,-0.005187587,-0.006138783,-0.001980934,0.016920496,0.002257337,-0.001608243,-0.005187587
29-Oct-18,0.021303833,0.028800027,0.024350989,0.023752466,0.032594344,0.006519274,0.021303833
26-Oct-18,-0.010166646,-0.004897696,-0.008769496,-0.020748219,-0.009405846,-9.22464E-05,-0.010166646
25-Oct-18,-0.010155121,-0.008354149,-0.010186633,-0.000418523,-0.005382263,0.030659149,-0.010155121
24-Oct-18,0.005501685,0.014378119,0.005924373,-0.002179155,0.005382263,-0.021900952,0.005501685
23-Oct-18,-0.008447923,-0.003422817,-0.011875664,-0.028287171,-0.002914412,-0.014442574,-0.008447923
22-Oct-18,-0.005295848,-0.00783067,-0.006407514,-0.007323345,-0.009943807,-0.011175984,-0.005295848
19-Oct-18,-0.013429497,-0.003951499,-0.013299366,-0.026363711,-0.007528402,-0.001821409,-0.013429497
17-Oct-18,-0.010949172,-0.024216744,-0.016647519,1.02197E-05,-0.026200977,0.00856496,-0.010949172
16-Oct-18,0.008493276,0.009262756,0.009040624,0.004599229,0.017765282,0.02293728,0.008493276
15-Oct-18,0.003779387,0.00796482,0.004279306,0.021514359,0.002678812,-0.000108998,0.003779387
12-Oct-18,0.021312595,0.026110027,0.021552164,-0.007979748,0.029508374,0.027578222,0.021312595
11-Oct-18,-0.022098557,-0.004035751,-0.022940424,-0.032620167,-0.014971899,0.042078166,-0.022098557
10-Oct-18,0.013363002,0.025814622,0.017708194,-0.015343391,0.0280418,0.042469618,0.013363002
09-Oct-18,-0.005086537,-0.010108884,-0.006059697,0.0017957,-0.004078332,-0.013040684,-0.005086537
08-Oct-18,0.002828994,0.006376529,0.003484431,-0.013794674,0.003686537,0.073324845,0.002828994
05-Oct-18,-0.022782117,-0.067359225,-0.021506205,0.011000258,-0.059313647,0.030409468,-0.022782117
04-Oct-18,-0.022672203,-0.033858017,-0.024275911,-0.033387645,-0.017564487,-0.076361031,-0.022672203
03-Oct-18,-0.015186404,0.00348359,-0.015497887,-0.022530174,5.18202E-05,0.089704264,-0.015186404
01-Oct-18,0.008219607,0.0108387,0.008270485,0.023934913,0.013302578,-0.046855907,0.008219607
28-Sep-18,-0.002674798,-0.01430014,-0.006714154,-0.005285789,-0.024433844,-0.062642184,-0.002674798
27-Sep-18,-0.005986313,-0.012196616,-0.00695585,0.007649585,-0.016871176,-0.041000197,-0.005986313
26-Sep-18,-0.002999961,0.007533778,0.000859673,-0.016134487,0.001210105,-0.003667853,-0.002999961
25-Sep-18,0.00951361,0.005349734,0.008232868,0.003658158,-0.005132862,-0.038536294,0.00951361
24-Sep-18,-0.014671618,-0.024024719,-0.014577016,0.020355524,-0.023954132,-0.038680816,-0.014671618
21-Sep-18,-0.007561132,-0.007759998,-0.014030554,-0.010867279,-0.008490755,0.039647244,-0.007561132
19-Sep-18,-0.004554388,0.002623037,-0.003309126,0.001485241,-0.000242925,0.033611756,-0.004554388
18-Sep-18,-0.007875442,-0.009172017,-0.009307577,-0.007055839,-0.01365423,-0.116529658,-0.007875442
17-Sep-18,-0.013349979,-0.004363519,-0.011198572,-0.001309705,0.001102774,0.010339168,-0.013349979
14-Sep-18,0.009832209,0.016575675,0.01197553,5.77917E-05,0.018007166,0.00026119,0.009832209
12-Sep-18,0.008114661,0.004479994,0.00590235,0.004572938,0.004847367,0.013721876,0.008114661
11-Sep-18,-0.013514189,-0.016265419,-0.014801124,-0.006990981,-0.017225865,-0.041785883,-0.013514189
10-Sep-18,-0.012256419,-0.011416085,-0.013608626,0.000200224,-0.012370105,-0.031907342,-0.012256419
07-Sep-18,0.003836752,0.007241959,0.008394707,0.004062555,-9.52971E-05,0.031967956,0.003836752
06-Sep-18,0.005887683,0.009137553,0.005819396,0.001318572,0.008228924,0.020471186,0.005887683
05-Sep-18,-0.003665452,-0.002570365,-0.004285485,-0.00366427,-0.00345291,-0.001501422,-0.003665452
04-Sep-18,-0.004043398,-0.013323756,-0.010037178,0.019111687,-0.024402989,-0.03708759,-0.004043398
03-Sep-18,-0.008642476,-0.006962806,-0.009399886,-0.006005059,-0.003451335,0.012947104,-0.008642476
31-Aug-18,-0.001164541,0.007934295,-0.000215054,0.013679643,0.005649601,0.001974732,-0.001164541
30-Aug-18,-0.000848178,0.002771814,-0.001128274,0.003205833,0.006435422,-0.032608631,-0.000848178
29-Aug-18,-0.004475683,0.003332098,-0.003109589,-0.004131254,0.002264579,0.021762817,-0.004475683
28-Aug-18,0.005220222,-0.005554392,0.003969111,0.004347785,-0.003677341,0.004072698,0.005220222
27-Aug-18,0.011496774,0.015252836,0.012655658,0.01526555,0.014456941,-0.0231863,0.011496774
24-Aug-18,-0.002218609,-0.001522935,-0.003043315,-0.006030945,-0.003050963,0.025644208,-0.002218609
23-Aug-18,0.001331463,0.004704981,0.002281618,0.011561943,0.004197478,0.001869647,0.001331463
21-Aug-18,0.000182852,0.001853689,0.001523976,0.004504367,0.001865895,0.006320105,0.000182852
20-Aug-18,0.008681273,0.005473302,0.005297519,-0.012591665,0.015296942,0.010309804,0.008681273
17-Aug-18,0.007520591,0.008933884,0.00891046,0.005068536,0.001265084,-0.038094037,0.007520591
16-Aug-18,-0.00499077,-0.00297229,-0.002648424,0.00576061,-0.002431435,0.013049644,-0.00499077
14-Aug-18,0.005486332,0.003782459,0.008355284,0.004261782,-0.00286151,0.00628703,0.005486332
13-Aug-18,-0.005941422,-0.007768046,-0.006645647,0.012336815,-0.010454652,0.055261963,-0.005941422
10-Aug-18,-0.004088361,-0.001693959,-0.005614282,0.004960001,-0.010868118,0.016501707,-0.004088361
09-Aug-18,0.003604444,0.002107025,0.004290436,0.003034533,0.008139995,-0.010548324,0.003604444
08-Aug-18,0.005870305,-0.001781486,0.006303936,-0.001162944,-0.000907723,0.011050039,0.005870305
07-Aug-18,-0.000692431,0.001107624,-0.000720881,0.000926129,-0.008700875,0.00534362,-0.000692431
06-Aug-18,0.003607539,0.002611024,0.003887814,-0.002356169,0.004031977,-0.009031347,0.003607539
03-Aug-18,0.010465649,0.004848441,0.008382279,0.007367311,0.006245997,0.000708831,0.010465649
02-Aug-18,-0.009545537,-0.003103963,-0.006599946,-0.006020923,0.005659759,0.004257407,-0.009545537
01-Aug-18,-0.002261735,0.002928836,-0.001337048,0.0039537,-0.000288559,-0.028107165,-0.002261735
31-Jul-18,0.002987447,0.006632431,0.006927402,0.008029546,0.000144269,-0.003207932,0.002987447
30-Jul-18,0.004210814,0.005213753,0.006919275,-0.007323037,0.003854869,-0.014707216,0.004210814
27-Jul-18,0.009478083,0.010509771,0.006853803,-0.000199746,0.006490384,-0.031899846,0.009478083
26-Jul-18,0.00342376,0.006377315,0.004271929,-0.006782791,0.011386806,0.020131303,0.00342376
25-Jul-18,0.000899254,-0.0014182,-0.000741776,-0.003394673,-0.003826348,0.009559995,0.000899254
24-Jul-18,0.002896239,0.015529142,0.005777552,0.005426329,0.021978907,-0.023486911,0.002896239
23-Jul-18,0.006070635,0.003410043,0.006965861,0.001156332,0.011325149,0.013278282,0.006070635
20-Jul-18,0.003984762,-0.001878107,0.007538453,0.014987378,-0.002224808,0.005700829,0.003984762
19-Jul-18,-0.000610797,-0.002719287,-0.001163467,-0.007972792,-0.002774067,0.01589375,-0.000610797
18-Jul-18,-0.004020122,-0.003871913,-0.00752972,-0.001248676,-0.005424968,0.016117231,-0.004020122
17-Jul-18,0.005386613,0.010465796,0.009391918,-0.000704454,0.014329206,-0.000235492,0.005386613
16-Jul-18,-0.005979811,-0.009465091,-0.011351912,0.007816746,-0.018977239,-0.002375964,-0.005979811
13-Jul-18,-0.000185525,-0.007729398,0.000748956,0.003426622,-0.017938366,0.007014476,-0.000185525
12-Jul-18,0.00775895,-0.000699719,0.005084659,-0.005830981,-0.001125823,0.004964872,0.00775895
11-Jul-18,0.000725738,-0.001014851,-0.000405409,0.023535715,-0.004977562,0.003982378,0.000725738
10-Jul-18,0.008449036,0.006785207,0.008314727,0.004177005,0.009439338,0.008512494,0.008449036
09-Jul-18,0.00773436,0.007380107,0.008502206,0.00593221,0.012808958,0.001068403,0.00773436
06-Jul-18,0.002339105,0.005938954,0.002948637,0.00440249,0.004639685,0.005430646,0.002339105
05-Jul-18,-0.001989612,-0.00266428,-0.005242553,-0.01614191,-0.004490353,-0.002001586,-0.001989612
04-Jul-18,0.007512989,-0.000458642,0.005124441,-0.006010447,-0.006450675,-0.025514414,0.007512989
03-Jul-18,0.003232878,0.004918419,0.00509148,0.010617054,0.002476107,-0.009731793,0.003232878
02-Jul-18,-0.004500637,-0.008054474,-0.003732342,0.008795216,-0.015449262,-0.004237744,-0.004500637
29-Jun-18,0.010951965,0.018802533,0.009984037,0.009418449,0.030436054,0.006352872,0.010951965
28-Jun-18,-0.005109132,-0.018368193,-0.007675183,-0.003361379,-0.016275133,-0.002937801,-0.005109132
27-Jun-18,-0.00772005,-0.01819406,-0.008498635,0.000973297,-0.027064326,-0.026982023,-0.00772005
26-Jun-18,0.000554958,0.002405333,-0.000763695,0.006050439,-0.002358889,0.022548272,0.000554958
25-Jun-18,-0.006162194,-0.00934157,-0.005388007,0.008426742,-0.013278758,0.00077136,-0.006162194
22-Jun-18,0.007232956,0.004626275,0.005740409,-0.0005907,0.004613234,0.00548215,0.007232956
21-Jun-18,-0.003238674,-0.004960682,-0.003284268,-0.001241899,-0.009346971,-0.006598792,-0.003238674
20-Jun-18,0.007357792,0.000111457,0.007581805,-0.001708571,-0.001321441,-0.005381072,0.007357792
19-Jun-18,-0.007383954,-0.011569534,-0.009336807,-0.012164407,-0.007143223,0.005494169,-0.007383954
18-Jun-18,-0.002076145,-0.000770968,-0.00221859,-0.008029362,-0.00439212,0.002398865,-0.002076145
15-Jun-18,0.000626773,-0.004569528,0.00169269,0.022161004,-0.011956765,-0.004711816,0.000626773
14-Jun-18,-0.003906425,-0.006162068,-0.004429944,-0.014123693,-0.006566132,-0.007673391,-0.003906425
13-Jun-18,0.001305863,0.001438786,0.00343733,0.012825192,-0.007159663,0.004184372,0.001305863
12-Jun-18,0.005874189,0.004438378,0.006322836,0.005873881,0.005239311,-0.000491101,0.005874189
11-Jun-18,0.001122279,0.001996031,0.001881136,0.001957292,0.001462791,-0.032546593,0.001122279
08-Jun-18,-0.00054748,0.000966544,0.002120517,0.007633537,4.57467E-05,0.013306611,-0.00054748
07-Jun-18,0.008046253,0.011449663,0.009598367,0.011041602,0.013077499,-0.000513407,0.008046253
06-Jun-18,0.0078671,0.008999313,0.01041302,0.009608099,0.005111535,-0.002424244,0.0078671
05-Jun-18,-0.003108916,-0.00911046,-0.004082373,-0.015290995,-0.017319449,0.007992956,-0.003108916
04-Jun-18,-0.006132497,-0.006425476,-0.003707695,0.004144135,-0.013597608,-0.006606324,-0.006132497
01-Jun-18,-0.002696543,-0.005352495,-0.003634526,-0.009460472,-0.013905311,0.001664179,-0.002696543
31-May-18,0.011854872,0.005971088,0.007521974,0.007494098,0.002542318,-0.006507559,0.011854872
30-May-18,-0.001234838,-0.005311834,-0.001437126,-0.0006304,-0.007120002,0.014223801,-0.001234838
29-May-18,-0.006168197,0.001429876,-0.006501082,0.003359475,0.000576612,0.030705319,-0.006168197
28-May-18,0.006865737,0.013028634,0.005185528,-0.017384803,0.011557727,0.003038038,0.006865737
25-May-18,0.007523174,0.014444334,0.010694004,0.001480114,0.019580031,0.000311573,0.007523174
24-May-18,0.009222182,0.000656398,0.008857669,0.02425123,-0.003198833,0.000541703,0.009222182
23-May-18,-0.008879684,-0.013784017,-0.008918068,-0.002025161,-0.010619569,-0.003936543,-0.008879684
22-May-18,0.001013753,0.003131363,0.003751668,0.000678127,0.007294507,0.005232979,0.001013753
21-May-18,-0.006684597,-0.008232335,-0.008932403,0.001420492,-0.020969091,-0.01056169,-0.006684597
18-May-18,-0.008595227,-0.010454405,-0.009270124,-0.003466326,-0.022325403,-0.005395928,-0.008595227
17-May-18,-0.006769806,-0.001472059,-0.005047367,-0.001005517,0.002834531,0.00564789,-0.006769806
16-May-18,-0.004400289,-0.001711015,-0.005787873,0.001802048,-0.006572528,0.002787818,-0.004400289
15-May-18,-0.000359209,-0.002408004,-0.00158875,0.004779657,-0.007219,0.004942809,-0.000359209
14-May-18,0.000588529,-0.003426866,-0.002700959,-0.001974292,-0.004983899,0.003670863,0.000588529
11-May-18,0.00818065,0.005133762,0.007061345,0.006319462,0.000814629,0.007446595,0.00818065
10-May-18,-0.002071264,-0.005874341,-0.003889909,-0.003528232,-0.010368978,-0.004361997,-0.002071264
09-May-18,0.002921361,0.000174205,0.000588408,0.007416296,-0.003686367,-0.00740524,0.002921361
08-May-18,0.000232306,4.35559E-05,0.001649388,-0.005332972,-0.001859208,0.012216719,0.000232306
07-May-18,0.008349886,0.009232989,0.009537139,-0.000110358,0.011207453,0.008023663,0.008349886
04-May-18,-0.005363165,-0.006899978,-0.005164902,-0.003973128,-0.00017075,-0.020675346,-0.005363165
03-May-18,-0.002085387,-0.004095509,-0.00266107,-0.016340001,-0.010741151,0.001278249,-0.002085387
02-May-18,0.00045666,-0.013517513,-0.007413543,-0.011731549,-0.013422457,0.014927469,0.00045666
30-Apr-18,0.005437339,0.006023596,0.003935279,0.01432263,0.009040366,0.006247028,0.005437339
27-Apr-18,0.007350431,0.00425988,0.008926256,-0.010634296,0.002399344,0.004811095,0.007350431
26-Apr-18,0.006135406,0.003060131,0.005358431,0.011674856,-0.001347709,0.000428361,0.006135406
25-Apr-18,-0.003338356,-0.00479222,-0.001968094,0.012278649,-0.008006582,0.009881346,-0.003338356
24-Apr-18,0.004803143,-0.000540663,0.002744468,-0.017072973,0.00510675,-0.015247423,0.004803143
23-Apr-18,0.00102198,0.002446127,0.003531141,0.006720458,-0.003393455,0.012232426,0.00102198
20-Apr-18,-0.000340195,0.004431226,-0.000659295,0.046925293,-0.00779057,-0.024307873,-0.000340195
19-Apr-18,0.002781021,0.004647771,0.004202948,0.00911732,0.009716304,0.009586437,0.002781021
18-Apr-18,-0.001844406,-0.003057305,-0.003123876,-0.002071875,0.000335289,-0.010483044,-0.001844406
17-Apr-18,0.002609299,0.002160983,0.001440576,-0.003781673,0.00563287,0.016415047,0.002609299
16-Apr-18,0.003292942,0.00431408,0.002285165,-0.007795361,0.005156176,-0.010955881,0.003292942
13-Apr-18,0.002680187,0.000263389,0.004465101,0.005037067,0.00207843,-0.006086922,0.002680187
12-Apr-18,0.004723298,0.00105425,0.004424384,0.031270018,-0.003941101,0.005425101,0.004723298
11-Apr-18,0.001774975,-0.004100928,0.002067373,0.013534438,-0.000803264,0.015909395,0.001774975
10-Apr-18,0.002710557,0.001818123,0.003780953,0.003242044,0.00508411,0.001741176,0.002710557
09-Apr-18,0.004793268,0.004064376,0.001895851,-0.009245281,0.003702211,-0.009796974,0.004793268
06-Apr-18,0.000897599,0.002424511,0.002083462,-0.005079692,0.002860499,0.004607326,0.000897599
05-Apr-18,0.017345551,0.01440313,0.02070108,0.015356788,0.017989743,0.001424548,0.017345551
04-Apr-18,-0.010590898,-0.013387498,-0.010651983,-0.009616391,-0.015335405,0.043156917,-0.010590898
03-Apr-18,0.003460215,0.004805093,0.006340151,-0.002418278,0.011598707,0.014084809,0.003460215
02-Apr-18,0.008657937,0.01091346,0.007510832,0.012676583,0.018250359,-0.010449546,0.008657937
28-Mar-18,-0.006220173,-0.004098137,-0.006575057,-0.003112365,-0.009932401,0.006864642,-0.006220173
27-Mar-18,0.003260229,0.005400513,0.005256583,0.003780327,0.006845435,-0.03074574,0.003260229
26-Mar-18,0.014311816,0.006198251,0.013136478,-0.006777905,0.00795725,0.000820204,0.014311816
23-Mar-18,-0.012491396,-0.004916675,-0.011503824,0.001941972,-0.008485489,0.006121866,-0.012491396
22-Mar-18,-0.003928193,-0.005452172,-0.005015056,-0.009181584,-0.006885539,-0.018973568,-0.003928193
21-Mar-18,0.004216362,0.003272225,0.002441698,0.002728136,0.003151815,-0.00462048,0.004216362
20-Mar-18,0.002234228,0.003350539,0.003893988,0.012803866,0.000131541,-0.002568822,0.002234228
19-Mar-18,-0.007651576,-0.01606541,-0.013066361,-0.019972851,-0.008644832,0.010318269,-0.007651576
16-Mar-18,-0.015241942,-0.011416354,-0.014000907,-0.007566842,-0.014501139,-0.014809528,-0.015241942
15-Mar-18,-0.004448975,-0.003609283,-0.005679925,-0.000396334,0.002574114,-0.011668398,-0.004448975
14-Mar-18,-0.000621634,-0.002268267,-0.000426219,0.002469173,-0.000214763,0.015823046,-0.000621634
13-Mar-18,-0.001804803,0.006973849,0.003109474,-0.015762902,0.003700361,0.00904043,-0.001804803
12-Mar-18,0.01817229,0.01267237,0.016252512,0.014374351,0.014764903,0.014509878,0.01817229
09-Mar-18,-0.001333059,-0.000666311,-0.001922183,0.005478252,-0.006540816,0.000137201,-0.001333059
08-Mar-18,0.009595061,-0.003479806,0.007835861,0.002608982,0.002829102,0.004900497,0.009595061
07-Mar-18,-0.008563994,-0.012183204,-0.010557793,-0.003640467,-0.020235832,0.010223443,-0.008563994
06-Mar-18,-0.012811225,-0.006970187,-0.010386352,-0.011157346,-0.009437642,-0.041590382,-0.012811225
05-Mar-18,-0.008855155,-0.010987817,-0.010582109,0.003724593,-0.008888199,-0.010079764,-0.008855155
01-Mar-18,-0.004018708,-0.001801764,-0.004466718,-0.005277087,-0.002680405,0.014686481,-0.004018708
28-Feb-18,-0.00473805,-0.005343263,-0.003847083,0.008507402,-0.004340393,0.006543085,-0.00473805
27-Feb-18,-0.002888704,-0.002852279,-0.00383234,0.002584833,-0.001996922,0.003037053,-0.002888704
26-Feb-18,0.008852931,0.010448255,0.008161351,-0.011021865,0.015454834,-0.024485021,0.008852931
23-Feb-18,0.009495132,0.014713148,0.010661598,0.007522918,0.016684078,-0.058366283,0.009495132
22-Feb-18,-0.000749582,-0.007773016,-0.001034787,0.0058773,-0.005947941,0.006596207,-0.000749582
21-Feb-18,0.004182782,-0.002182063,0.002802488,0.02177213,0.001067168,0.015214499,0.004182782
20-Feb-18,-0.002106457,-0.001229363,-6.10072E-05,0.003075296,-0.002687084,-0.0177143,-0.002106457
19-Feb-18,-0.006966128,-0.008948078,-0.007233415,-0.005254706,-0.011308649,0.003069474,-0.006966128
16-Feb-18,-0.008394645,-0.009715316,-0.010183571,0.00071519,-0.008220833,0.018617371,-0.008394645
15-Feb-18,0.004134788,-0.001226294,0.003784129,0.004378341,-0.00753213,-0.011897081,0.004134788
14-Feb-18,-0.004222255,-0.007305373,-0.003664218,-0.002235498,0.001161488,-0.013035708,-0.004222255
12-Feb-18,0.008629135,0.010077245,0.008187884,-0.004339701,0.014591475,0.012262277,0.008629135
09-Feb-18,-0.011909127,-0.005809978,-0.010523564,-0.007764643,-0.006046374,-0.017856811,-0.011909127
08-Feb-18,0.009648832,0.00824965,0.014035952,0.013912935,0.004489298,0.041706243,0.009648832
07-Feb-18,-0.003316706,0.008296856,-0.000727714,-0.005489494,0.011418546,-0.005497299,-0.003316706
06-Feb-18,-0.01627867,-0.016293683,-0.017129367,-0.02840846,-0.012721259,-0.001809798,-0.01627867
05-Feb-18,-0.008867794,-0.00197874,-0.006652041,-0.002947194,-0.001342958,-0.005736755,-0.008867794
02-Feb-18,-0.023669406,-0.029118513,-0.025828244,-0.004064665,-0.041123912,-0.000959367,-0.023669406
01-Feb-18,-0.001624006,-0.002651872,-0.002592541,-0.000909868,0.000765034,-0.008342916,-0.001624006
31-Jan-18,-0.001908645,-0.005080073,-0.001437401,-0.011108748,-0.005623408,0.006939682,-0.001908645
30-Jan-18,-0.006900758,-0.00034451,-0.008182462,-0.010806741,-0.005631792,-0.00400897,-0.006900758
29-Jan-18,0.006437133,-0.003034658,0.004283151,0.011496892,-0.00959259,-0.031191216,0.006437133
25-Jan-18,-0.00307982,-0.007727018,-0.004795898,-0.011397941,-0.00366207,-0.01822726,-0.00307982
24-Jan-18,0.000599157,0.00268963,-0.002105204,0.015207848,0.00366207,0.006283983,0.000599157
23-Jan-18,0.009507426,0.01174617,0.012007692,0.011972264,0.008756519,0.008737203,0.009507426
22-Jan-18,0.008033465,0.003116314,0.007100622,0.01990241,0.005547034,-0.012843602,0.008033465
19-Jan-18,0.007101439,0.005687297,0.007793456,0.003614915,0.011794441,0.005368515,0.007101439
18-Jan-18,0.005074354,-0.011078694,-0.003846159,0.001331267,-0.022660003,0.013710933,0.005074354
17-Jan-18,0.008897904,0.007208633,0.009819472,0.012742456,0.009505888,0.008724791,0.008897904
16-Jan-18,-0.002081749,-0.010024994,-0.005622928,0.032633242,-0.015544149,-0.013376029,-0.002081749
15-Jan-18,0.007233178,-0.003776447,0.006328023,-0.004858993,-0.006471245,-0.018545865,0.007233178
12-Jan-18,0.002573237,-0.001389854,0.003532948,0.000275263,0.001369193,0.015020326,0.002573237
11-Jan-18,0.002043039,0.000583906,0.001830259,0.008344181,-0.001916346,0.002443166,0.002043039
10-Jan-18,-0.00029386,0.0006044,-0.000354505,0.018249663,-3.90709E-05,-0.002520042,-0.00029386
09-Jan-18,0.002628062,-0.003962233,0,0.003217822,-0.003159684,-0.044655993,0.002628062
08-Jan-18,0.00580792,0.006524914,0.006935622,0.013928431,0.003902292,-0.002148696,0.00580792
05-Jan-18,0.005408133,0.002913684,0.006265498,0.00343936,0.00352513,-0.009862631,0.005408133
04-Jan-18,0.005202259,0.01194543,0.006124306,9.05279E-05,0.010214432,0.021408132,0.005202259
03-Jan-18,-0.000558533,0.002977935,0.002411965,-0.00319935,0.002858166,-0.007112497,-0.000558533
02-Jan-18,-1.44917E-05,0.000617233,-0.001447877,-0.002155461,-0.002263388,0.00128073,-1.44917E-05
01-Jan-18,-0.00719265,-0.001645109,-0.006908802,-0.0054797,-0.001308045,-0.002679738,-0.00719265
29-Dec-17,0.0061498,0.004530579,0.005824268,0.01197712,0.008273386,0.009567486,0.0061498
28-Dec-17,-0.001882532,6.19227E-05,-0.001804946,0.001116965,0,-0.022501776,-0.001882532
27-Dec-17,-0.002909203,-0.003585193,-0.00234157,-0.001028121,-0.000359403,-0.007357419,-0.002909203
26-Dec-17,0.002069436,0.007224719,0.004387422,0.00062393,0.005404661,0.007796014,0.002069436
22-Dec-17,0.005436625,0.005192659,0.004104303,0.013042223,0.008830168,-0.001092097,0.005436625
21-Dec-17,-0.000624874,0.004591951,-0.001390106,0.006719635,0.013372672,0.017889225,-0.000624874
20-Dec-17,-0.001755847,0.000858109,-0.000543429,0.005689511,0.006919303,-0.007093592,-0.001755847
19-Dec-17,0.006971129,0.010059007,0.007513365,-0.004561348,0.01063663,0.00033704,0.006971129
18-Dec-17,0.004136611,0.003347319,0.005794642,0.000717334,0.003389195,-0.003186462,0.004136611
15-Dec-17,0.00648394,0.006450742,0.008045985,0.003766639,0.006770848,0.003409406,0.00648394
14-Dec-17,0.00584197,0.004280828,0.004078359,-0.0003785,-0.001096538,-0.009921658,0.00584197
13-Dec-17,-0.005279049,-0.002656272,-0.006295928,-0.002550904,-0.008060497,0.003289991,-0.005279049
12-Dec-17,-0.006832273,-0.010131626,-0.00692893,-0.002677235,-0.002630756,0.020237878,-0.006832273
11-Dec-17,0.006161076,0.002650693,0.005637615,0.009918374,-0.001874883,-0.008546732,0.006161076
08-Dec-17,0.009096505,0.0116828,0.006597021,0.000843102,0.008779688,-0.005312326,0.009096505
07-Dec-17,0.010741503,0.014520136,0.012010475,0.006398671,0.018178852,0.021381874,0.010741503
06-Dec-17,-0.006277121,-0.008292137,-0.007360313,0.003240462,-0.011564263,-0.001052002,-0.006277121
05-Dec-17,-0.002048966,-0.006077605,0.00130593,-0.003802181,-0.00560627,-0.005875259,-0.002048966
04-Dec-17,0.001119589,0.004695047,0.001868577,0.013608765,-0.000126095,0.014260877,0.001119589
01-Dec-17,-0.009590829,-0.010565066,-0.012391732,-0.012951997,-0.016465223,0.013695449,-0.009590829
30-Nov-17,-0.013585098,-0.007024295,-0.013881044,-0.008758581,-0.00642877,-0.007144361,-0.013585098
29-Nov-17,-0.000470981,-0.001314228,-0.002486734,-0.00242379,0.001068596,0.004391356,-0.000470981
28-Nov-17,-0.003143609,-0.001820106,-0.003024257,-0.005535018,-0.003325331,-0.002076727,-0.003143609
27-Nov-17,0.001341173,0.00027492,0.00060412,-0.002271111,0.00905766,0.007613089,0.001341173
24-Nov-17,0.002710382,0.00334739,0.003935702,0.00846616,0.003563146,0.007797605,0.002710382
23-Nov-17,0.000790176,0.00310315,0.00200407,0.012958471,-0.001700293,-0.005947219,0.000790176
22-Nov-17,0.002482105,-0.000234135,-0.000243132,4.57751E-05,0.006860306,0.009864625,0.002482105
21-Nov-17,0.003544381,0.005334826,0.003958231,0.001517368,0.005354541,0.017809036,0.003544381
20-Nov-17,0.000512723,0.002721032,-0.000305036,-0.004137185,0.010668679,-0.001653708,0.000512723
17-Nov-17,0.007102554,0.004343252,0.007653958,-0.013906314,0.003865355,-0.005389921,0.007102554
16-Nov-17,0.010517614,0.006355267,0.011436467,0.021415558,0.010051626,0.001977013,0.010517614
15-Nov-17,-0.005522803,-0.009109615,-0.007803347,-0.003633064,-0.013620175,0.00480301,-0.005522803
14-Nov-17,-0.002779521,-0.006233753,-0.002156833,-0.005745411,-0.009496347,-0.002930127,-0.002779521
13-Nov-17,-0.008470524,-0.00799749,-0.008336958,0.001843142,-0.007574367,-0.005256755,-0.008470524
10-Nov-17,0.001911802,-0.00576687,-0.001524995,-0.002217871,0.004847684,-0.006499856,0.001911802
09-Nov-17,0.000966455,-0.001935946,0.003296908,0.002302662,0.000670494,0.009167009,0.000966455
08-Nov-17,-0.004563786,-0.005701843,-0.007008164,0.003874537,-0.003807456,-0.014396934,-0.004563786
07-Nov-17,-0.010742861,-0.00643826,-0.010811569,0.020397984,-0.012656558,0.007523935,-0.010742861
06-Nov-17,0.00135367,-0.004000378,0.002526317,0.008759541,0.00028869,-0.011412064,0.00135367
03-Nov-17,0.003340534,-0.001240387,0.002411965,-0.000380356,0.001816531,0.015101009,0.003340534
02-Nov-17,-0.000805377,0.002896634,0,0.002949381,-0.00247627,0.028418674,-0.000805377
01-Nov-17,0.011588823,0.002697265,0.011842364,-0.000563745,-0.000206079,0.02209122,0.011588823
31-Oct-17,-0.001595384,-0.001909586,-0.002988992,-0.006418134,0.000288523,-0.000729543,-0.001595384
30-Oct-17,0.003280173,0.007054519,0.00525192,0.001136907,0.010900985,0.017663833,0.003280173
27-Oct-17,0.000304354,0.001797584,-0.002079639,0.000820143,0.011526901,-0.004094295,0.000304354
26-Oct-17,,,,,,,#DIV/0!